<?xml version="1.0" encoding="UTF-8"?>
<!-- ***************************************** -->
<!-- This file was automatically generated by tools designed and maintained by Leutron Vision, Matrox, Groget, MVTec Software. -->
<!-- Copyright (C) 2007-2020 Leutron Vision, Matrox, Groget, MVTec Software. -->
<!-- You can freely use and modify the file without restrictions. -->
<!-- The file is provided as is, without any warranty. Bug reports and other feedback is appreciated. -->
<!-- ***************************************** -->
<!--   -->
<!-- ***************************************** -->
<!-- Version and date information: -->
<!-- SFNC type: GenTL -->
<!-- SFNC version: 1.2.0 -->
<!-- SFNC release date: 2020-07-08 -->
<!-- TXT extractor version: 2.0.0 -->
<!-- TXT extraction date: 2020-08-17 -->
<!-- XML generator version: 3.6 -->
<!-- XML generation date: 2020-08-17 -->
<!-- ***************************************** -->
<RegisterDescription xmlns="http://www.genicam.org/GenApi/Version_1_0" xmlns:xsi="http://www.w3.org/2001/XMLSchema-instance" xsi:schemaLocation="http://www.genicam.org/GenApi/Version_1_0 http://www.genicam.org/GenApi/GenApiSchema_Version_1_0.xsd" ModelName="SFNC_Camera" VendorName="Generic" ToolTip="Reference SFNC camera XML (autogenerated)" StandardNameSpace="None" SchemaMajorVersion="1" SchemaMinorVersion="0" SchemaSubMinorVersion="1" MajorVersion="1" MinorVersion="2" SubMinorVersion="0" ProductGuid="11111111-2222-3333-4444-555555555555" VersionGuid="AAAAAAAA-BBBB-CCCC-DDDD-EEEEEEEEEEEE">
  <!-- ***************************************** -->
  <!-- RootCategory -->
  <!-- ***************************************** -->
  <Group Comment="RootCategory">
    <Category Name="Root" NameSpace="Standard">
      <!-- Mandatory element -->
      <Visibility>Beginner</Visibility>
      <ImposedAccessMode>RO</ImposedAccessMode>
      <pFeature>DeviceInformation</pFeature>
      <pFeature>DeviceControl</pFeature>
      <pFeature>StreamEnumeration</pFeature>
      <pFeature>EventControl</pFeature>
    </Category>
  </Group>
  <!-- ***************************************** -->
  <!-- SubCategories -->
  <!-- ***************************************** -->
  <Group Comment="SubCategories">
    <Category Name="DeviceInformation" NameSpace="Standard">
      <!-- Recommended element -->
      <ToolTip>Category that contains all Device Information features of the Device module.</ToolTip>
      <Description>Category that contains all Device Information features of the Device module.</Description>
      <DisplayName>Device Information</DisplayName>
      <Visibility>Beginner</Visibility>
      <ImposedAccessMode>RO</ImposedAccessMode>
      <pFeature>DeviceID</pFeature>
      <pFeature>DeviceSerialNumber</pFeature>
      <pFeature>DeviceUserID</pFeature>
      <pFeature>DeviceVendorName</pFeature>
      <pFeature>DeviceModelName</pFeature>
      <pFeature>DeviceFamilyName</pFeature>
      <pFeature>DeviceVersion</pFeature>
      <pFeature>DeviceManufacturerInfo</pFeature>
      <pFeature>DeviceType</pFeature>
      <pFeature>DeviceDisplayName</pFeature>
      <pFeature>DeviceTimestampFrequency</pFeature>
      <pFeature>DeviceAccessStatus</pFeature>
      <pFeature>DeviceChunkDataFormat</pFeature>
      <pFeature>DeviceEventDataFormat</pFeature>
      <pFeature>GevDeviceMACAddress</pFeature>
      <pFeature>GevDeviceIPAddress</pFeature>
      <pFeature>GevDeviceSubnetMask</pFeature>
      <pFeature>GevDeviceGateway</pFeature>
    </Category>
    <Category Name="DeviceControl" NameSpace="Standard">
      <!-- Recommended element -->
      <ToolTip>Category that contains all Device Control features of the Device module.</ToolTip>
      <Description>Category that contains all Device Control features of the Device module.</Description>
      <DisplayName>Device Control</DisplayName>
      <Visibility>Expert</Visibility>
      <ImposedAccessMode>RO</ImposedAccessMode>
      <pFeature>DeviceEndianessMechanism</pFeature>
      <pFeature>LinkCommandTimeout</pFeature>
      <pFeature>LinkCommandRetryCount</pFeature>
    </Category>
    <Category Name="StreamEnumeration" NameSpace="Standard">
      <!-- Recommended element -->
      <ToolTip>Category that contains all Stream Enumeration features of the Device module.</ToolTip>
      <Description>Category that contains all Stream Enumeration features of the Device module.</Description>
      <DisplayName>Stream Enumeration</DisplayName>
      <Visibility>Beginner</Visibility>
      <ImposedAccessMode>RO</ImposedAccessMode>
      <pFeature>StreamSelector</pFeature>
      <pFeature>StreamID</pFeature>
    </Category>
    <Category Name="EventControl" NameSpace="Standard">
      <!-- Recommended element -->
      <ToolTip>Category that contains Event control features.</ToolTip>
      <Description>Category that contains Event control features.</Description>
      <DisplayName>Event Control</DisplayName>
      <Visibility>Expert</Visibility>
      <ImposedAccessMode>RO</ImposedAccessMode>
      <pFeature>EventSelector</pFeature>
      <pFeature>EventNotification</pFeature>
      <pFeature>EventDeviceLostData</pFeature>
    </Category>
    <Category Name="EventDeviceLostData" NameSpace="Standard">
      <!-- Recommended element -->
      <ToolTip>Category that contains all the data features related to the Device Lost Event.</ToolTip>
      <Description>Category that contains all the data features related to the Device Lost Event.</Description>
      <DisplayName>Event Device Lost Data</DisplayName>
      <Visibility>Expert</Visibility>
      <ImposedAccessMode>RO</ImposedAccessMode>
      <pFeature>EventDeviceLost</pFeature>
    </Category>
  </Group>
  <!-- ***************************************** -->
  <!-- DeviceInformation -->
  <!-- ***************************************** -->
  <Group Comment="DeviceInformation">
    <StringReg Name="DeviceID" NameSpace="Standard">
      <!-- Mandatory element -->
      <ToolTip>Interface-wide unique identifier of this device.</ToolTip>
      <Description>Interface-wide unique identifier of this device.</Description>
      <DisplayName>Device ID</DisplayName>
      <Visibility>Expert</Visibility>
      <ImposedAccessMode>RO</ImposedAccessMode>
      <Address>0x0</Address>
      <Length>1</Length>
      <AccessMode>RO</AccessMode>
      <pPort>DevicePort</pPort>
    </StringReg>
    <StringReg Name="DeviceSerialNumber" NameSpace="Standard">
      <!-- Recommended element -->
      <ToolTip>Serial number of the remote device.</ToolTip>
      <Description>Serial number of the remote device.</Description>
      <DisplayName>Device Serial Number</DisplayName>
      <Visibility>Expert</Visibility>
      <ImposedAccessMode>RO</ImposedAccessMode>
      <Address>0x0</Address>
      <Length>1</Length>
      <AccessMode>RO</AccessMode>
      <pPort>DevicePort</pPort>
    </StringReg>
    <StringReg Name="DeviceUserID" NameSpace="Standard">
      <!-- Optional element -->
      <ToolTip>User-programmable device identifier of the remote device.</ToolTip>
      <Description>User-programmable device identifier of the remote device.</Description>
      <DisplayName>Device User ID</DisplayName>
      <Visibility>Expert</Visibility>
      <ImposedAccessMode>RW</ImposedAccessMode>
      <Address>0x0</Address>
      <Length>1</Length>
      <AccessMode>RW</AccessMode>
      <pPort>DevicePort</pPort>
    </StringReg>
    <StringReg Name="DeviceVendorName" NameSpace="Standard">
      <!-- Mandatory element -->
      <ToolTip>Name of the remote device vendor.</ToolTip>
      <Description>Name of the remote device vendor.</Description>
      <DisplayName>Device Vendor Name</DisplayName>
      <Visibility>Beginner</Visibility>
      <ImposedAccessMode>RO</ImposedAccessMode>
      <Address>0x0</Address>
      <Length>1</Length>
      <AccessMode>RO</AccessMode>
      <pPort>DevicePort</pPort>
    </StringReg>
    <StringReg Name="DeviceModelName" NameSpace="Standard">
      <!-- Mandatory element -->
      <ToolTip>Name of the remote device model.</ToolTip>
      <Description>Name of the remote device model.</Description>
      <DisplayName>Device Model Name</DisplayName>
      <Visibility>Beginner</Visibility>
      <ImposedAccessMode>RO</ImposedAccessMode>
      <Address>0x0</Address>
      <Length>1</Length>
      <AccessMode>RO</AccessMode>
      <pPort>DevicePort</pPort>
    </StringReg>
    <StringReg Name="DeviceFamilyName" NameSpace="Standard">
      <!-- Recommended element -->
      <ToolTip>Name of the product family of the remote device model.</ToolTip>
      <Description>Name of the product family of the remote device model.</Description>
      <DisplayName>Device Family Name</DisplayName>
      <Visibility>Beginner</Visibility>
      <ImposedAccessMode>RO</ImposedAccessMode>
      <Address>0x0</Address>
      <Length>1</Length>
      <AccessMode>RO</AccessMode>
      <pPort>DevicePort</pPort>
    </StringReg>
    <StringReg Name="DeviceVersion" NameSpace="Standard">
      <!-- Recommended element -->
      <ToolTip>The version of the remote device model.</ToolTip>
      <Description>The version of the remote device model.</Description>
      <DisplayName>Device Version</DisplayName>
      <Visibility>Beginner</Visibility>
      <ImposedAccessMode>RO</ImposedAccessMode>
      <Address>0x0</Address>
      <Length>1</Length>
      <AccessMode>RO</AccessMode>
      <pPort>DevicePort</pPort>
    </StringReg>
    <StringReg Name="DeviceManufacturerInfo" NameSpace="Standard">
      <!-- Recommended element -->
      <ToolTip>Manufacturer information about the remote device.</ToolTip>
      <Description>Manufacturer information about the remote device.</Description>
      <DisplayName>Device Manufacturer Info</DisplayName>
      <Visibility>Beginner</Visibility>
      <ImposedAccessMode>RO</ImposedAccessMode>
      <Address>0x0</Address>
      <Length>1</Length>
      <AccessMode>RO</AccessMode>
      <pPort>DevicePort</pPort>
    </StringReg>
    <Enumeration Name="DeviceType" NameSpace="Standard">
      <!-- Mandatory element -->
      <ToolTip>Transport layer type of the device.</ToolTip>
      <Description>Transport layer type of the device.</Description>
      <DisplayName>Device Type</DisplayName>
      <Visibility>Expert</Visibility>
      <ImposedAccessMode>RO</ImposedAccessMode>
      <EnumEntry Name="GigEVision" NameSpace="Standard">
        <ToolTip>GigE Vision.</ToolTip>
        <Description>GigE Vision</Description>
        <DisplayName>GigE Vision</DisplayName>
        <Value>0</Value>
      </EnumEntry>
      <EnumEntry Name="CameraLink" NameSpace="Standard">
        <ToolTip>Camera Link.</ToolTip>
        <Description>Camera Link</Description>
        <DisplayName>Camera Link</DisplayName>
        <Value>1</Value>
      </EnumEntry>
      <EnumEntry Name="CameraLinkHS" NameSpace="Standard">
        <ToolTip>Camera Link High Speed.</ToolTip>
        <Description>Camera Link High Speed</Description>
        <DisplayName>Camera Link HS</DisplayName>
        <Value>2</Value>
      </EnumEntry>
      <EnumEntry Name="CoaXPress" NameSpace="Standard">
        <ToolTip>CoaXPress.</ToolTip>
        <Description>CoaXPress</Description>
        <DisplayName>CoaXPress</DisplayName>
        <Value>3</Value>
      </EnumEntry>
      <EnumEntry Name="USB3Vision" NameSpace="Standard">
        <ToolTip>USB3 Vision.</ToolTip>
        <Description>USB3 Vision</Description>
        <DisplayName>USB3 Vision</DisplayName>
        <Value>4</Value>
      </EnumEntry>
      <EnumEntry Name="Custom" NameSpace="Standard">
        <ToolTip>Custom transport layer.</ToolTip>
        <Description>Custom transport layer</Description>
        <DisplayName>Custom</DisplayName>
        <Value>5</Value>
      </EnumEntry>
      <Value>0</Value>
    </Enumeration>
    <StringReg Name="DeviceDisplayName" NameSpace="Standard">
      <!-- Recommended element -->
      <ToolTip>User readable name of the device.</ToolTip>
      <Description>User readable name of the device. If this is not defined in the device this should be "VENDOR MODEL (ID)".</Description>
      <DisplayName>Device Display Name</DisplayName>
      <Visibility>Expert</Visibility>
      <ImposedAccessMode>RO</ImposedAccessMode>
      <Address>0x0</Address>
      <Length>1</Length>
      <AccessMode>RO</AccessMode>
      <pPort>DevicePort</pPort>
    </StringReg>
    <Integer Name="DeviceTimestampFrequency" NameSpace="Standard">
      <!-- Recommended element -->
      <ToolTip>The tick-frequency of the time stamp clock.</ToolTip>
      <Description>The tick-frequency of the time stamp clock.</Description>
      <DisplayName>Device Timestamp Frequency</DisplayName>
      <Visibility>Beginner</Visibility>
      <ImposedAccessMode>RO</ImposedAccessMode>
      <Value>0</Value>
    </Integer>
    <Enumeration Name="DeviceAccessStatus" NameSpace="Standard">
      <!-- Mandatory element -->
      <ToolTip>Gives the device's access status at the moment of the last execution of the DeviceUpdateList command.</ToolTip>
      <Description>Gives the device's access status at the moment of the last execution of the DeviceUpdateList command. This value only changes on execution of the DeviceUpdateList command.</Description>
      <DisplayName>Device Access Status</DisplayName>
      <Visibility>Expert</Visibility>
      <ImposedAccessMode>RO</ImposedAccessMode>
      <EnumEntry Name="Unknown" NameSpace="Standard">
        <ToolTip>Not known to producer.</ToolTip>
        <Description>Not known to producer.</Description>
        <DisplayName>Unknown</DisplayName>
        <Value>0</Value>
      </EnumEntry>
      <EnumEntry Name="ReadWrite" NameSpace="Standard">
        <ToolTip>Full access.</ToolTip>
        <Description>Full access</Description>
        <DisplayName>Read Write</DisplayName>
        <Value>1</Value>
      </EnumEntry>
      <EnumEntry Name="ReadOnly" NameSpace="Standard">
        <ToolTip>Read-only access.</ToolTip>
        <Description>Read-only access</Description>
        <DisplayName>Read Only</DisplayName>
        <Value>2</Value>
      </EnumEntry>
      <EnumEntry Name="NoAccess" NameSpace="Standard">
        <ToolTip>Not available to connect.</ToolTip>
        <Description>Not available to connect.</Description>
        <DisplayName>No Access</DisplayName>
        <Value>3</Value>
      </EnumEntry>
      <EnumEntry Name="Busy" NameSpace="Standard">
        <ToolTip>The device is already opened by another entity.</ToolTip>
        <Description>The device is already opened by another entity.</Description>
        <DisplayName>Busy</DisplayName>
        <Value>4</Value>
      </EnumEntry>
      <EnumEntry Name="OpenReadWrite" NameSpace="Standard">
        <ToolTip>Open in Read/Write mode by this GenTL host.</ToolTip>
        <Description>Open in Read/Write mode by this GenTL host</Description>
        <DisplayName>Open Read Write</DisplayName>
        <Value>5</Value>
      </EnumEntry>
      <EnumEntry Name="OpenReadOnly" NameSpace="Standard">
        <ToolTip>Open in Read access mode by this GenTL host.</ToolTip>
        <Description>Open in Read access mode by this GenTL host</Description>
        <DisplayName>Open Read Only</DisplayName>
        <Value>6</Value>
      </EnumEntry>
      <Value>0</Value>
    </Enumeration>
    <Enumeration Name="DeviceChunkDataFormat" NameSpace="Standard">
      <!-- Recommended element -->
      <ToolTip>Chunk data format used by the device.</ToolTip>
      <Description>Chunk data format used by the device. This information allows devices based on other technologies or protocols than "standard" ones such as GigE Vision to inform the GenTL Consumer about the chunk data layout they use.</Description>
      <DisplayName>Device Chunk Data Format</DisplayName>
      <Visibility>Expert</Visibility>
      <ImposedAccessMode>RO</ImposedAccessMode>
      <EnumEntry Name="None" NameSpace="Standard">
        <ToolTip>None</ToolTip>
        <Description>None</Description>
        <DisplayName>None</DisplayName>
        <Value>0</Value>
      </EnumEntry>
      <EnumEntry Name="GigEVision" NameSpace="Standard">
        <ToolTip>GigE Vision</ToolTip>
        <Description>GigE Vision</Description>
        <DisplayName>GigE Vision</DisplayName>
        <Value>1</Value>
      </EnumEntry>
      <EnumEntry Name="Custom" NameSpace="Standard">
        <ToolTip>Custom</ToolTip>
        <Description>Custom</Description>
        <DisplayName>Custom</DisplayName>
        <Value>2</Value>
      </EnumEntry>
      <Value>0</Value>
    </Enumeration>
    <Enumeration Name="DeviceEventDataFormat" NameSpace="Standard">
      <!-- Recommended element -->
      <ToolTip>Enumeration, informing about the event data format used by the device (meaning the "device events", see event type EVENT_REMOTE_DEVICE (named EVENT_FEATURE_DEVEVENT in GenTL up to version 1.4).</ToolTip>
      <Description>Enumeration, informing about the event data format used by the device (meaning the "device events", see event type EVENT_REMOTE_DEVICE (named EVENT_FEATURE_DEVEVENT in GenTL up to version 1.4). This allows devices based on other technologies or protocols than "standard" ones such as GigE Vision to inform the GenTL Consumer about the event data layout they use.</Description>
      <DisplayName>Device Event Data Format</DisplayName>
      <Visibility>Expert</Visibility>
      <ImposedAccessMode>RO</ImposedAccessMode>
      <EnumEntry Name="None" NameSpace="Standard">
        <ToolTip>None</ToolTip>
        <Description>None</Description>
        <DisplayName>None</DisplayName>
        <Value>0</Value>
      </EnumEntry>
      <EnumEntry Name="GigEVision" NameSpace="Standard">
        <ToolTip>GigE Vision</ToolTip>
        <Description>GigE Vision</Description>
        <DisplayName>GigE Vision</DisplayName>
        <Value>1</Value>
      </EnumEntry>
      <EnumEntry Name="GigEVisionExtendedId" NameSpace="Standard">
        <ToolTip>Gig E Vision Extended Id</ToolTip>
        <Description>Gig E Vision Extended Id</Description>
        <DisplayName>Gig E Vision Extended Id</DisplayName>
        <Value>2</Value>
      </EnumEntry>
      <EnumEntry Name="Custom" NameSpace="Standard">
        <ToolTip>Custom</ToolTip>
        <Description>Custom</Description>
        <DisplayName>Custom</DisplayName>
        <Value>3</Value>
      </EnumEntry>
      <Value>0</Value>
    </Enumeration>
    <Integer Name="GevDeviceMACAddress" NameSpace="Standard">
      <!-- Mandatory element -->
      <ToolTip>48-bit MAC address of the GVCP interface of the remote device.</ToolTip>
      <Description>48-bit MAC address of the GVCP interface of the remote device.</Description>
      <DisplayName>Gev Device MAC Address</DisplayName>
      <Visibility>Expert</Visibility>
      <ImposedAccessMode>RO</ImposedAccessMode>
      <Value>0</Value>
    </Integer>
    <Integer Name="GevDeviceIPAddress" NameSpace="Standard">
      <!-- Mandatory element -->
      <ToolTip>Current IP address of the GVCP interface of the remote device.</ToolTip>
      <Description>Current IP address of the GVCP interface of the remote device.</Description>
      <DisplayName>Gev Device IP Address</DisplayName>
      <Visibility>Expert</Visibility>
      <ImposedAccessMode>RO</ImposedAccessMode>
      <Value>0</Value>
    </Integer>
    <Integer Name="GevDeviceSubnetMask" NameSpace="Standard">
      <!-- Mandatory element -->
      <ToolTip>Current subnet mask of the GVCP interface of the remote device.</ToolTip>
      <Description>Current subnet mask of the GVCP interface of the remote device.</Description>
      <DisplayName>Gev Device Subnet Mask</DisplayName>
      <Visibility>Expert</Visibility>
      <ImposedAccessMode>RO</ImposedAccessMode>
      <Value>0</Value>
    </Integer>
    <Integer Name="GevDeviceGateway" NameSpace="Standard">
      <!-- Mandatory element -->
      <ToolTip>Current gateway IP address of the GVCP interface of the remote device.</ToolTip>
      <Description>Current gateway IP address of the GVCP interface of the remote device.</Description>
      <DisplayName>Gev Device Gateway</DisplayName>
      <Visibility>Expert</Visibility>
      <ImposedAccessMode>RO</ImposedAccessMode>
      <Value>0</Value>
    </Integer>
  </Group>
  <!-- ***************************************** -->
  <!-- DeviceControl -->
  <!-- ***************************************** -->
  <Group Comment="DeviceControl">
    <Enumeration Name="DeviceEndianessMechanism" NameSpace="Standard">
      <!-- Mandatory element -->
      <ToolTip>Identifies the endianess handling mode.</ToolTip>
      <Description>Identifies the endianess handling mode.</Description>
      <DisplayName>Device Endianess Mechanism</DisplayName>
      <Visibility>Expert</Visibility>
      <ImposedAccessMode>RW</ImposedAccessMode>
      <EnumEntry Name="Legacy" NameSpace="Standard">
        <ToolTip>Handling the device endianess according to GenICam Schema 1.0.</ToolTip>
        <Description>Handling the device endianess according to GenICam Schema 1.0</Description>
        <DisplayName>Legacy</DisplayName>
        <Value>0</Value>
      </EnumEntry>
      <EnumEntry Name="Standard" NameSpace="Standard">
        <ToolTip>Handling the device endianess according to GenICam Schema 1.1 and later.</ToolTip>
        <Description>Handling the device endianess according to GenICam Schema 1.1 and later</Description>
        <DisplayName>Standard</DisplayName>
        <Value>1</Value>
      </EnumEntry>
      <Value>0</Value>
    </Enumeration>
    <Float Name="LinkCommandTimeout" NameSpace="Standard">
      <!-- Recommended element -->
      <ToolTip>Specifies application timeout for the control channel communication.</ToolTip>
      <Description>Specifies application timeout for the control channel communication. This feature defines the application timeout, and it is related to the device feature DeviceLinkCommandTimeout specifying the maximum time for handling a command in the device. Up to DeviceLinkCommandRetryCount attempts with this timeout are made before a command fails with a timout error.</Description>
      <DisplayName>Link Command Timeout</DisplayName>
      <Visibility>Guru</Visibility>
      <ImposedAccessMode>RW</ImposedAccessMode>
      <Value>0.0</Value>
      <Unit>us</Unit>
    </Float>
    <Integer Name="LinkCommandRetryCount" NameSpace="Standard">
      <!-- Recommended element -->
      <ToolTip>Specifies maximum number of tries before failing the control channel commands.</ToolTip>
      <Description>Specifies maximum number of tries before failing the control channel commands.</Description>
      <DisplayName>Link Command Retry Count</DisplayName>
      <Visibility>Guru</Visibility>
      <ImposedAccessMode>RW</ImposedAccessMode>
      <Value>0</Value>
    </Integer>
  </Group>
  <!-- ***************************************** -->
  <!-- StreamEnumeration -->
  <!-- ***************************************** -->
  <Group Comment="StreamEnumeration">
    <Integer Name="StreamSelector" NameSpace="Standard">
      <!-- Mandatory element -->
      <ToolTip>Selector for the different stream channels.The selector is 0-based in order to match the index of the C interface.</ToolTip>
      <Description>Selector for the different stream channels.The selector is 0-based in order to match the index of the C interface.</Description>
      <DisplayName>Stream Selector</DisplayName>
      <Visibility>Beginner</Visibility>
      <ImposedAccessMode>RW</ImposedAccessMode>
      <Value>0</Value>
      <pSelected>StreamID</pSelected>
    </Integer>
    <StringReg Name="StreamID" NameSpace="Standard">
      <!-- Mandatory element -->
      <ToolTip>Device unique ID for the stream.</ToolTip>
      <Description>Device unique ID for the stream. Not Mandator for non-streaming DeviceCorresponds to the DevGetDataStreamID function with the index corresponding to "StreamSelector".</Description>
      <DisplayName>Stream ID</DisplayName>
      <Visibility>Beginner</Visibility>
      <ImposedAccessMode>RO</ImposedAccessMode>
      <Address>0x0</Address>
      <Length>1</Length>
      <AccessMode>RO</AccessMode>
      <pPort>DevicePort</pPort>
    </StringReg>
  </Group>
  <!-- ***************************************** -->
  <!-- EventControl -->
  <!-- ***************************************** -->
  <Group Comment="EventControl">
    <Enumeration Name="EventSelector" NameSpace="Standard">
      <!-- Recommended element -->
      <ToolTip>Selects which Event to signal to the host application.</ToolTip>
      <Description>Selects which Event to signal to the host application.</Description>
      <DisplayName>Event Selector</DisplayName>
      <Visibility>Expert</Visibility>
      <ImposedAccessMode>RW</ImposedAccessMode>
      <EnumEntry Name="DeviceLost" NameSpace="Standard">
        <ToolTip>Raised when the local host looses connection to the physical (remote) device.</ToolTip>
        <Description>Raised when the local host looses connection to the physical (remote) device.</Description>
        <DisplayName>Device Lost</DisplayName>
        <Value>0</Value>
      </EnumEntry>
      <Value>0</Value>
      <pSelected>EventNotification</pSelected>
    </Enumeration>
    <Enumeration Name="EventNotification" NameSpace="Standard">
      <!-- Recommended element -->
      <ToolTip>Activate or deactivate the notification to the host application of the occurrence of the selected Event.</ToolTip>
      <Description>Activate or deactivate the notification to the host application of the occurrence of the selected Event.</Description>
      <DisplayName>Event Notification</DisplayName>
      <Visibility>Expert</Visibility>
      <ImposedAccessMode>RW</ImposedAccessMode>
      <EnumEntry Name="Off" NameSpace="Standard">
        <ToolTip>The selected Event notification is disabled.</ToolTip>
        <Description>The selected Event notification is disabled.</Description>
        <DisplayName>Off</DisplayName>
        <Value>0</Value>
      </EnumEntry>
      <EnumEntry Name="On" NameSpace="Standard">
        <ToolTip>The selected Event notification is enabled.</ToolTip>
        <Description>The selected Event notification is enabled.</Description>
        <DisplayName>On</DisplayName>
        <Value>1</Value>
      </EnumEntry>
      <EnumEntry Name="Once" NameSpace="Standard">
        <ToolTip>The selected Event notification is enabled for one event then return to Off state.</ToolTip>
        <Description>The selected Event notification is enabled for one event then return to Off state.</Description>
        <DisplayName>Once</DisplayName>
        <Value>2</Value>
      </EnumEntry>
      <Value>0</Value>
    </Enumeration>
  </Group>
  <!-- ***************************************** -->
  <!-- EventDeviceLostData -->
  <!-- ***************************************** -->
  <Group Comment="EventDeviceLostData">
    <Integer Name="EventDeviceLost" NameSpace="Standard">
      <!-- Recommended element -->
      <ToolTip>Returns the unique Identifier of the Device Lost type of Event.</ToolTip>
      <Description>Returns the unique Identifier of the Device Lost type of Event.</Description>
      <DisplayName>Event Device Lost</DisplayName>
      <Visibility>Expert</Visibility>
      <ImposedAccessMode>RO</ImposedAccessMode>
      <Value>0</Value>
    </Integer>
  </Group>
  <!-- ***************************************** -->
  <!-- SpecialFeatures -->
  <!-- ***************************************** -->
  <Group Comment="SpecialFeatures">
    <Port Name="DevicePort" NameSpace="Standard">
      <!-- Mandatory element -->
      <ToolTip>The GenICam port through which the Device module is accessed.</ToolTip>
      <Description>The GenICam port through which the Device module is accessed. Note that DevicePort is a port node (not a feature node) and is generally not accessed by the end user directly.</Description>
      <DisplayName>Device Port</DisplayName>
      <Visibility>Invisible</Visibility>
      <ImposedAccessMode>RW</ImposedAccessMode>
    </Port>
  </Group>
</RegisterDescription>
