<?xml version="1.0" encoding="UTF-8"?>
<!-- ***************************************** -->
<!-- This file was automatically generated by tools designed and maintained by Leutron Vision, Matrox, Groget, MVTec Software. -->
<!-- Copyright (C) 2007-2020 Leutron Vision, Matrox, Groget, MVTec Software. -->
<!-- You can freely use and modify the file without restrictions. -->
<!-- The file is provided as is, without any warranty. Bug reports and other feedback is appreciated. -->
<!-- ***************************************** -->
<!--   -->
<!-- ***************************************** -->
<!-- Version and date information: -->
<!-- SFNC type: GenTL -->
<!-- SFNC version: 1.2.0 -->
<!-- SFNC release date: 2020-07-08 -->
<!-- TXT extractor version: 2.0.0 -->
<!-- TXT extraction date: 2020-08-17 -->
<!-- XML generator version: 3.6 -->
<!-- XML generation date: 2020-08-17 -->
<!-- ***************************************** -->
<RegisterDescription xmlns="http://www.genicam.org/GenApi/Version_1_0" xmlns:xsi="http://www.w3.org/2001/XMLSchema-instance" xsi:schemaLocation="http://www.genicam.org/GenApi/Version_1_0 http://www.genicam.org/GenApi/GenApiSchema_Version_1_0.xsd" ModelName="SFNC_Camera" VendorName="Generic" ToolTip="Reference SFNC camera XML (autogenerated)" StandardNameSpace="None" SchemaMajorVersion="1" SchemaMinorVersion="0" SchemaSubMinorVersion="1" MajorVersion="1" MinorVersion="2" SubMinorVersion="0" ProductGuid="11111111-2222-3333-4444-555555555555" VersionGuid="AAAAAAAA-BBBB-CCCC-DDDD-EEEEEEEEEEEE">
  <!-- ***************************************** -->
  <!-- RootCategory -->
  <!-- ***************************************** -->
  <Group Comment="RootCategory">
    <Category Name="Root" NameSpace="Standard">
      <!-- Mandatory element -->
      <Visibility>Beginner</Visibility>
      <ImposedAccessMode>RO</ImposedAccessMode>
      <pFeature>SystemInformation</pFeature>
      <pFeature>InterfaceEnumeration</pFeature>
      <pFeature>EventControl</pFeature>
    </Category>
  </Group>
  <!-- ***************************************** -->
  <!-- SubCategories -->
  <!-- ***************************************** -->
  <Group Comment="SubCategories">
    <Category Name="SystemInformation" NameSpace="Standard">
      <!-- Recommended element -->
      <ToolTip>Category that contains all System Information features of the System module.</ToolTip>
      <Description>Category that contains all System Information features of the System module.</Description>
      <DisplayName>System Information</DisplayName>
      <Visibility>Beginner</Visibility>
      <ImposedAccessMode>RO</ImposedAccessMode>
      <pFeature>TLID</pFeature>
      <pFeature>TLVendorName</pFeature>
      <pFeature>TLModelName</pFeature>
      <pFeature>TLVersion</pFeature>
      <pFeature>TLFileName</pFeature>
      <pFeature>TLDisplayName</pFeature>
      <pFeature>TLPath</pFeature>
      <pFeature>TLType</pFeature>
      <pFeature>GenTLVersionMajor</pFeature>
      <pFeature>GenTLVersionMinor</pFeature>
      <pFeature>GenTLSFNCVersionMajor</pFeature>
      <pFeature>GenTLSFNCVersionMinor</pFeature>
    </Category>
    <Category Name="InterfaceEnumeration" NameSpace="Standard">
      <!-- Recommended element -->
      <ToolTip>Category that contains all Interface Enumeration features of the System module.</ToolTip>
      <Description>Category that contains all Interface Enumeration features of the System module.</Description>
      <DisplayName>Interface Enumeration</DisplayName>
      <Visibility>Beginner</Visibility>
      <ImposedAccessMode>RO</ImposedAccessMode>
      <pFeature>InterfaceUpdateList</pFeature>
      <pFeature>InterfaceUpdateTimeout</pFeature>
      <pFeature>InterfaceSelector</pFeature>
      <pFeature>InterfaceID</pFeature>
      <pFeature>InterfaceDisplayName</pFeature>
      <pFeature>GevInterfaceMACAddress</pFeature>
      <pFeature>GevInterfaceDefaultIPAddress</pFeature>
      <pFeature>GevInterfaceDefaultSubnetMask</pFeature>
      <pFeature>GevInterfaceDefaultGateway</pFeature>
    </Category>
    <Category Name="EventControl" NameSpace="Standard">
      <!-- Recommended element -->
      <ToolTip>Category that contains Event control features.</ToolTip>
      <Description>Category that contains Event control features.</Description>
      <DisplayName>Event Control</DisplayName>
      <Visibility>Expert</Visibility>
      <ImposedAccessMode>RO</ImposedAccessMode>
      <pFeature>EventSelector</pFeature>
      <pFeature>EventNotification</pFeature>
      <pFeature>EventInterfaceListChangedData</pFeature>
    </Category>
    <Category Name="EventInterfaceListChangedData" NameSpace="Standard">
      <!-- Recommended element -->
      <ToolTip>Category that contains all the data features related to the Interface List Changed Event.</ToolTip>
      <Description>Category that contains all the data features related to the Interface List Changed Event.</Description>
      <DisplayName>Event Interface List Changed Data</DisplayName>
      <Visibility>Expert</Visibility>
      <ImposedAccessMode>RO</ImposedAccessMode>
      <pFeature>EventInterfaceListChanged</pFeature>
    </Category>
  </Group>
  <!-- ***************************************** -->
  <!-- SystemInformation -->
  <!-- ***************************************** -->
  <Group Comment="SystemInformation">
    <StringReg Name="TLID" NameSpace="Standard">
      <!-- Mandatory element -->
      <ToolTip>Unique identifier of the GenTL Producer like a GUID.</ToolTip>
      <Description>Unique identifier of the GenTL Producer like a GUID.</Description>
      <DisplayName>TLID</DisplayName>
      <Visibility>Expert</Visibility>
      <ImposedAccessMode>RO</ImposedAccessMode>
      <Address>0x0</Address>
      <Length>1</Length>
      <AccessMode>RO</AccessMode>
      <pPort>TLPort</pPort>
    </StringReg>
    <StringReg Name="TLVendorName" NameSpace="Standard">
      <!-- Mandatory element -->
      <ToolTip>Name of the GenTL Producer vendor.</ToolTip>
      <Description>Name of the GenTL Producer vendor.</Description>
      <DisplayName>TL Vendor Name</DisplayName>
      <Visibility>Beginner</Visibility>
      <ImposedAccessMode>RO</ImposedAccessMode>
      <Address>0x0</Address>
      <Length>1</Length>
      <AccessMode>RO</AccessMode>
      <pPort>TLPort</pPort>
    </StringReg>
    <StringReg Name="TLModelName" NameSpace="Standard">
      <!-- Mandatory element -->
      <ToolTip>Name of the GenTL Producer to distinguish different kinds of GenTL Producer implementations from one vendor.</ToolTip>
      <Description>Name of the GenTL Producer to distinguish different kinds of GenTL Producer implementations from one vendor.</Description>
      <DisplayName>TL Model Name</DisplayName>
      <Visibility>Beginner</Visibility>
      <ImposedAccessMode>RO</ImposedAccessMode>
      <Address>0x0</Address>
      <Length>1</Length>
      <AccessMode>RO</AccessMode>
      <pPort>TLPort</pPort>
    </StringReg>
    <StringReg Name="TLVersion" NameSpace="Standard">
      <!-- Mandatory element -->
      <ToolTip>Vendor specific version string of the GenTL Producer.</ToolTip>
      <Description>Vendor specific version string of the GenTL Producer.</Description>
      <DisplayName>TL Version</DisplayName>
      <Visibility>Beginner</Visibility>
      <ImposedAccessMode>RO</ImposedAccessMode>
      <Address>0x0</Address>
      <Length>1</Length>
      <AccessMode>RO</AccessMode>
      <pPort>TLPort</pPort>
    </StringReg>
    <StringReg Name="TLFileName" NameSpace="Standard">
      <!-- Recommended element -->
      <ToolTip>Filename including extension of the GenTL Producer.</ToolTip>
      <Description>Filename including extension of the GenTL Producer.</Description>
      <DisplayName>TL File Name</DisplayName>
      <Visibility>Expert</Visibility>
      <ImposedAccessMode>RO</ImposedAccessMode>
      <Address>0x0</Address>
      <Length>1</Length>
      <AccessMode>RO</AccessMode>
      <pPort>TLPort</pPort>
    </StringReg>
    <StringReg Name="TLDisplayName" NameSpace="Standard">
      <!-- Recommended element -->
      <ToolTip>User readable name of the GenTL Producer.</ToolTip>
      <Description>User readable name of the GenTL Producer.</Description>
      <DisplayName>TL Display Name</DisplayName>
      <Visibility>Beginner</Visibility>
      <ImposedAccessMode>RW</ImposedAccessMode>
      <Address>0x0</Address>
      <Length>1</Length>
      <AccessMode>RW</AccessMode>
      <pPort>TLPort</pPort>
    </StringReg>
    <StringReg Name="TLPath" NameSpace="Standard">
      <!-- Mandatory element -->
      <ToolTip>Full path to the GenTL Producer including filename and extension.</ToolTip>
      <Description>Full path to the GenTL Producer including filename and extension.</Description>
      <DisplayName>TL Path</DisplayName>
      <Visibility>Expert</Visibility>
      <ImposedAccessMode>RO</ImposedAccessMode>
      <Address>0x0</Address>
      <Length>1</Length>
      <AccessMode>RO</AccessMode>
      <pPort>TLPort</pPort>
    </StringReg>
    <Enumeration Name="TLType" NameSpace="Standard">
      <!-- Mandatory element -->
      <ToolTip>Transport layer type of the GenTL Producer implementation.</ToolTip>
      <Description>Transport layer type of the GenTL Producer implementation.</Description>
      <DisplayName>TL Type</DisplayName>
      <Visibility>Expert</Visibility>
      <ImposedAccessMode>RO</ImposedAccessMode>
      <EnumEntry Name="GigEVision" NameSpace="Standard">
        <ToolTip>GigE Vision.</ToolTip>
        <Description>GigE Vision</Description>
        <DisplayName>GigE Vision</DisplayName>
        <Value>0</Value>
      </EnumEntry>
      <EnumEntry Name="CameraLink" NameSpace="Standard">
        <ToolTip>Camera Link.</ToolTip>
        <Description>Camera Link</Description>
        <DisplayName>Camera Link</DisplayName>
        <Value>1</Value>
      </EnumEntry>
      <EnumEntry Name="CameraLinkHS" NameSpace="Standard">
        <ToolTip>Camera Link High Speed.</ToolTip>
        <Description>Camera Link High Speed</Description>
        <DisplayName>Camera Link HS</DisplayName>
        <Value>2</Value>
      </EnumEntry>
      <EnumEntry Name="CoaXPress" NameSpace="Standard">
        <ToolTip>CoaXPress.</ToolTip>
        <Description>CoaXPress</Description>
        <DisplayName>CoaXPress</DisplayName>
        <Value>3</Value>
      </EnumEntry>
      <EnumEntry Name="USB3Vision" NameSpace="Standard">
        <ToolTip>USB3 Vision.</ToolTip>
        <Description>USB3 Vision</Description>
        <DisplayName>USB3 Vision</DisplayName>
        <Value>4</Value>
      </EnumEntry>
      <EnumEntry Name="Mixed" NameSpace="Standard">
        <ToolTip>Different Interface modules of the GenTL Producer are of different types.</ToolTip>
        <Description>Different Interface modules of the GenTL Producer are of different types</Description>
        <DisplayName>Mixed</DisplayName>
        <Value>5</Value>
      </EnumEntry>
      <EnumEntry Name="Custom" NameSpace="Standard">
        <ToolTip>Custom transport layer.</ToolTip>
        <Description>Custom transport layer</Description>
        <DisplayName>Custom</DisplayName>
        <Value>6</Value>
      </EnumEntry>
      <Value>0</Value>
    </Enumeration>
    <Integer Name="GenTLVersionMajor" NameSpace="Standard">
      <!-- Mandatory element -->
      <ToolTip>Major version number of the GenTL specification the GenTL Producer implementation complies with.</ToolTip>
      <Description>Major version number of the GenTL specification the GenTL Producer implementation complies with.</Description>
      <DisplayName>Gen TL Version Major</DisplayName>
      <Visibility>Expert</Visibility>
      <ImposedAccessMode>RO</ImposedAccessMode>
      <Value>0</Value>
    </Integer>
    <Integer Name="GenTLVersionMinor" NameSpace="Standard">
      <!-- Mandatory element -->
      <ToolTip>Minor version number of the GenTL specification the GenTL Producer implementation complies with.</ToolTip>
      <Description>Minor version number of the GenTL specification the GenTL Producer implementation complies with.</Description>
      <DisplayName>Gen TL Version Minor</DisplayName>
      <Visibility>Expert</Visibility>
      <ImposedAccessMode>RO</ImposedAccessMode>
      <Value>0</Value>
    </Integer>
    <Integer Name="GenTLSFNCVersionMajor" NameSpace="Standard">
      <!-- Recommended element -->
      <ToolTip>Major version number of the GenTL Standard Features Naming Convention that was used to create the GenTL Producer`s XML.</ToolTip>
      <Description>Major version number of the GenTL Standard Features Naming Convention that was used to create the GenTL Producer`s XML.</Description>
      <DisplayName>Gen TLSFNC Version Major</DisplayName>
      <Visibility>Expert</Visibility>
      <ImposedAccessMode>RO</ImposedAccessMode>
      <Value>0</Value>
    </Integer>
    <Integer Name="GenTLSFNCVersionMinor" NameSpace="Standard">
      <!-- Recommended element -->
      <ToolTip>Minor version number of the GenTL Standard Features Naming Convention that was used to create the GenTL Producer`s XML.</ToolTip>
      <Description>Minor version number of the GenTL Standard Features Naming Convention that was used to create the GenTL Producer`s XML.</Description>
      <DisplayName>Gen TLSFNC Version Minor</DisplayName>
      <Visibility>Expert</Visibility>
      <ImposedAccessMode>RO</ImposedAccessMode>
      <Value>0</Value>
    </Integer>
  </Group>
  <!-- ***************************************** -->
  <!-- InterfaceEnumeration -->
  <!-- ***************************************** -->
  <Group Comment="InterfaceEnumeration">
    <Command Name="InterfaceUpdateList" NameSpace="Standard">
      <!-- Mandatory element -->
      <ToolTip>Updates the internal list of the interfaces.</ToolTip>
      <Description>Updates the internal list of the interfaces. This feature should be readable if the execution cannot performed immediately. The command then returns and the status can be polled. This function interacts with the TLUpdateInterfaceList function of the GenTL Producer. It is up to the GenTL Consumer to handle access in case both methods are used.</Description>
      <DisplayName>Interface Update List</DisplayName>
      <Visibility>Beginner</Visibility>
      <ImposedAccessMode>RW</ImposedAccessMode>
      <Value>0</Value>
      <CommandValue>0</CommandValue>
    </Command>
    <Integer Name="InterfaceUpdateTimeout" NameSpace="Standard">
      <!-- Recommended element -->
      <ToolTip>Specifies timeout for the InterfaceUpdateList Command.</ToolTip>
      <Description>Specifies timeout for the InterfaceUpdateList Command.</Description>
      <DisplayName>Interface Update Timeout</DisplayName>
      <Visibility>Expert</Visibility>
      <ImposedAccessMode>RW</ImposedAccessMode>
      <Value>0</Value>
    </Integer>
    <Integer Name="InterfaceSelector" NameSpace="Standard">
      <!-- Mandatory element -->
      <ToolTip>Selector for the different GenTL Producer interfaces.</ToolTip>
      <Description>Selector for the different GenTL Producer interfaces. This interface list only changes on execution of "InterfaceUpdateList". The selector is 0-based in order to match the index of the C interface.</Description>
      <DisplayName>Interface Selector</DisplayName>
      <Visibility>Beginner</Visibility>
      <ImposedAccessMode>RW</ImposedAccessMode>
      <Value>0</Value>
      <pSelected>InterfaceID</pSelected>
      <pSelected>InterfaceDisplayName</pSelected>
      <pSelected>GevInterfaceMACAddress</pSelected>
      <pSelected>GevInterfaceDefaultIPAddress</pSelected>
      <pSelected>GevInterfaceDefaultSubnetMask</pSelected>
      <pSelected>GevInterfaceDefaultGateway</pSelected>
    </Integer>
    <StringReg Name="InterfaceID" NameSpace="Standard">
      <!-- Mandatory element -->
      <ToolTip>GenTL Producer wide unique identifier of the selected interface.</ToolTip>
      <Description>GenTL Producer wide unique identifier of the selected interface.</Description>
      <DisplayName>Interface ID</DisplayName>
      <Visibility>Beginner</Visibility>
      <ImposedAccessMode>RO</ImposedAccessMode>
      <Address>0x0</Address>
      <Length>1</Length>
      <AccessMode>RO</AccessMode>
      <pPort>TLPort</pPort>
    </StringReg>
    <StringReg Name="InterfaceDisplayName" NameSpace="Standard">
      <!-- Recommended element -->
      <ToolTip>A user-friendly name of the Interface.</ToolTip>
      <Description>A user-friendly name of the Interface.</Description>
      <DisplayName>Interface Display Name</DisplayName>
      <Visibility>Beginner</Visibility>
      <ImposedAccessMode>RO</ImposedAccessMode>
      <Address>0x0</Address>
      <Length>1</Length>
      <AccessMode>RO</AccessMode>
      <pPort>TLPort</pPort>
    </StringReg>
    <Integer Name="GevInterfaceMACAddress" NameSpace="Standard">
      <!-- Mandatory element -->
      <ToolTip>48-bit MAC address of the selected interface.</ToolTip>
      <Description>48-bit MAC address of the selected interface. Note that for a GenTL Producer implementation supporting GigE Vision this feature is mandatory, and that the Representation element should be used in the XML to facilitate understanding the data.</Description>
      <DisplayName>Gev Interface MAC Address</DisplayName>
      <Visibility>Expert</Visibility>
      <ImposedAccessMode>RO</ImposedAccessMode>
      <Value>0</Value>
    </Integer>
    <Integer Name="GevInterfaceDefaultIPAddress" NameSpace="Standard">
      <!-- Mandatory element -->
      <ToolTip>IP address of the first subnet of the selected interface.</ToolTip>
      <Description>IP address of the first subnet of the selected interface. Note that for a GenTL Producer implementation supporting GigE Vision this feature is mandatory.</Description>
      <DisplayName>Gev Interface Default IP Address</DisplayName>
      <Visibility>Expert</Visibility>
      <ImposedAccessMode>RO</ImposedAccessMode>
      <Value>0</Value>
    </Integer>
    <Integer Name="GevInterfaceDefaultSubnetMask" NameSpace="Standard">
      <!-- Mandatory element -->
      <ToolTip>Subnet mask of the first subnet of the selected interface.</ToolTip>
      <Description>Subnet mask of the first subnet of the selected interface. Note that for a GenTL Producer implementation supporting GigE Vision this feature is mandatory.</Description>
      <DisplayName>Gev Interface Default Subnet Mask</DisplayName>
      <Visibility>Expert</Visibility>
      <ImposedAccessMode>RO</ImposedAccessMode>
      <Value>0</Value>
    </Integer>
    <Integer Name="GevInterfaceDefaultGateway" NameSpace="Standard">
      <!-- Recommended element -->
      <ToolTip>Gateway of the selected interface.</ToolTip>
      <Description>Gateway of the selected interface.</Description>
      <DisplayName>Gev Interface Default Gateway</DisplayName>
      <Visibility>Expert</Visibility>
      <ImposedAccessMode>RO</ImposedAccessMode>
      <Value>0</Value>
    </Integer>
  </Group>
  <!-- ***************************************** -->
  <!-- EventControl -->
  <!-- ***************************************** -->
  <Group Comment="EventControl">
    <Enumeration Name="EventSelector" NameSpace="Standard">
      <!-- Recommended element -->
      <ToolTip>Selects which Event to signal to the host application.</ToolTip>
      <Description>Selects which Event to signal to the host application.</Description>
      <DisplayName>Event Selector</DisplayName>
      <Visibility>Expert</Visibility>
      <ImposedAccessMode>RW</ImposedAccessMode>
      <EnumEntry Name="InterfaceListChanged" NameSpace="Standard">
        <ToolTip>the list of interfaces is updated.</ToolTip>
        <Description>the list of interfaces is updated.</Description>
        <DisplayName>Interface List Changed</DisplayName>
        <Value>0</Value>
      </EnumEntry>
      <Value>0</Value>
      <pSelected>EventNotification</pSelected>
    </Enumeration>
    <Enumeration Name="EventNotification" NameSpace="Standard">
      <!-- Recommended element -->
      <ToolTip>Activate or deactivate the notification to the host application of the occurrence of the selected Event.</ToolTip>
      <Description>Activate or deactivate the notification to the host application of the occurrence of the selected Event.</Description>
      <DisplayName>Event Notification</DisplayName>
      <Visibility>Expert</Visibility>
      <ImposedAccessMode>RW</ImposedAccessMode>
      <EnumEntry Name="Off" NameSpace="Standard">
        <ToolTip>The selected Event notification is disabled.</ToolTip>
        <Description>The selected Event notification is disabled.</Description>
        <DisplayName>Off</DisplayName>
        <Value>0</Value>
      </EnumEntry>
      <EnumEntry Name="On" NameSpace="Standard">
        <ToolTip>The selected Event notification is enabled.</ToolTip>
        <Description>The selected Event notification is enabled.</Description>
        <DisplayName>On</DisplayName>
        <Value>1</Value>
      </EnumEntry>
      <EnumEntry Name="Once" NameSpace="Standard">
        <ToolTip>The selected Event notification is enabled for one event then return to the Off state.</ToolTip>
        <Description>The selected Event notification is enabled for one event then return to the Off state.</Description>
        <DisplayName>Once</DisplayName>
        <Value>2</Value>
      </EnumEntry>
      <Value>0</Value>
    </Enumeration>
  </Group>
  <!-- ***************************************** -->
  <!-- EventInterfaceListChangedData -->
  <!-- ***************************************** -->
  <Group Comment="EventInterfaceListChangedData">
    <Integer Name="EventInterfaceListChanged" NameSpace="Standard">
      <!-- Recommended element -->
      <ToolTip>Returns the unique Identifier of the Interface List Changed type of Event.</ToolTip>
      <Description>Returns the unique Identifier of the Interface List Changed type of Event.</Description>
      <DisplayName>Event Interface List Changed</DisplayName>
      <Visibility>Expert</Visibility>
      <ImposedAccessMode>RO</ImposedAccessMode>
      <Value>0</Value>
    </Integer>
  </Group>
  <!-- ***************************************** -->
  <!-- SpecialFeatures -->
  <!-- ***************************************** -->
  <Group Comment="SpecialFeatures">
    <Port Name="TLPort" NameSpace="Standard">
      <!-- Mandatory element -->
      <ToolTip>The GenICam port through which the System module is accessed.</ToolTip>
      <Description>The GenICam port through which the System module is accessed.</Description>
      <DisplayName>TL Port</DisplayName>
      <Visibility>Invisible</Visibility>
      <ImposedAccessMode>RW</ImposedAccessMode>
    </Port>
  </Group>
</RegisterDescription>
