<?xml version="1.0" encoding="UTF-8"?>
<!-- ***************************************** -->
<!-- This file was automatically generated by tools designed and maintained by Leutron Vision, Matrox, Groget, MVTec Software. -->
<!-- Copyright (C) 2007-2020 Leutron Vision, Matrox, Groget, MVTec Software. -->
<!-- You can freely use and modify the file without restrictions. -->
<!-- The file is provided as is, without any warranty. Bug reports and other feedback is appreciated. -->
<!-- ***************************************** -->
<!--   -->
<!-- ***************************************** -->
<!-- Version and date information: -->
<!-- SFNC type: GenTL -->
<!-- SFNC version: 1.2.0 -->
<!-- SFNC release date: 2020-07-08 -->
<!-- TXT extractor version: 2.0.0 -->
<!-- TXT extraction date: 2020-08-17 -->
<!-- XML generator version: 3.6 -->
<!-- XML generation date: 2020-08-17 -->
<!-- ***************************************** -->
<RegisterDescription xmlns="http://www.genicam.org/GenApi/Version_1_1" xmlns:xsi="http://www.w3.org/2001/XMLSchema-instance" xsi:schemaLocation="http://www.genicam.org/GenApi/Version_1_1 http://www.genicam.org/GenApi/GenApiSchema_Version_1_1.xsd" ModelName="SFNC_Camera" VendorName="Generic" ToolTip="Reference SFNC camera XML (autogenerated)" StandardNameSpace="None" SchemaMajorVersion="1" SchemaMinorVersion="1" SchemaSubMinorVersion="0" MajorVersion="1" MinorVersion="2" SubMinorVersion="0" ProductGuid="11111111-2222-3333-4444-555555555555" VersionGuid="AAAAAAAA-BBBB-CCCC-DDDD-EEEEEEEEEEEE">
  <!-- ***************************************** -->
  <!-- RootCategory -->
  <!-- ***************************************** -->
  <Group Comment="RootCategory">
    <Category Name="Root" NameSpace="Standard">
      <!-- Mandatory element -->
      <Visibility>Beginner</Visibility>
      <ImposedAccessMode>RO</ImposedAccessMode>
      <pFeature>InterfaceInformation</pFeature>
      <pFeature>DeviceEnumeration</pFeature>
      <pFeature>ActionControl</pFeature>
      <pFeature>EventControl</pFeature>
    </Category>
  </Group>
  <!-- ***************************************** -->
  <!-- SubCategories -->
  <!-- ***************************************** -->
  <Group Comment="SubCategories">
    <Category Name="InterfaceInformation" NameSpace="Standard">
      <!-- Recommended element -->
      <ToolTip>Category that contains all Interface Information features of the Interface module.</ToolTip>
      <Description>Category that contains all Interface Information features of the Interface module.</Description>
      <DisplayName>Interface Information</DisplayName>
      <Visibility>Expert</Visibility>
      <ImposedAccessMode>RO</ImposedAccessMode>
      <pFeature>InterfaceID</pFeature>
      <pFeature>InterfaceDisplayName</pFeature>
      <pFeature>InterfaceType</pFeature>
      <pFeature>InterfaceTLVersionMajor</pFeature>
      <pFeature>InterfaceTLVersionMinor</pFeature>
      <pFeature>GevInterfaceGatewaySelector</pFeature>
      <pFeature>GevInterfaceGateway</pFeature>
      <pFeature>GevInterfaceMACAddress</pFeature>
      <pFeature>GevInterfaceSubnetSelector</pFeature>
      <pFeature>GevInterfaceSubnetIPAddress</pFeature>
      <pFeature>GevInterfaceSubnetMask</pFeature>
    </Category>
    <Category Name="DeviceEnumeration" NameSpace="Standard">
      <!-- Recommended element -->
      <ToolTip>Category that contains all Device Enumeration features of the Interface module.</ToolTip>
      <Description>Category that contains all Device Enumeration features of the Interface module.</Description>
      <DisplayName>Device Enumeration</DisplayName>
      <Visibility>Expert</Visibility>
      <ImposedAccessMode>RO</ImposedAccessMode>
      <pFeature>DeviceUpdateList</pFeature>
      <pFeature>DeviceUpdateTimeout</pFeature>
      <pFeature>DeviceSelector</pFeature>
      <pFeature>DeviceID</pFeature>
      <pFeature>DeviceVendorName</pFeature>
      <pFeature>DeviceModelName</pFeature>
      <pFeature>DeviceAccessStatus</pFeature>
      <pFeature>DeviceSerialNumber</pFeature>
      <pFeature>DeviceUserID</pFeature>
      <pFeature>DeviceTLVersionMajor</pFeature>
      <pFeature>DeviceTLVersionMinor</pFeature>
      <pFeature>GevDeviceIPAddress</pFeature>
      <pFeature>GevDeviceSubnetMask</pFeature>
      <pFeature>GevDeviceGateway</pFeature>
      <pFeature>GevDeviceIPConfigurationStatus</pFeature>
      <pFeature>GevDeviceMACAddress</pFeature>
      <pFeature>GevDeviceCurrentControlMode</pFeature>
      <pFeature>GevApplicationSwitchoverKey</pFeature>
      <pFeature>GevDeviceForceIP</pFeature>
      <pFeature>GevDeviceForceIPAddress</pFeature>
      <pFeature>GevDeviceForceSubnetMask</pFeature>
      <pFeature>GevDeviceForceGateway</pFeature>
    </Category>
    <Category Name="ActionControl" NameSpace="Standard">
      <!-- Recommended element -->
      <ToolTip>Category that contains all Action Control features of the Interface module.</ToolTip>
      <Description>Category that contains all Action Control features of the Interface module.</Description>
      <DisplayName>Action Control</DisplayName>
      <Visibility>Expert</Visibility>
      <ImposedAccessMode>RO</ImposedAccessMode>
      <pFeature>ActionCommand</pFeature>
      <pFeature>ActionDeviceKey</pFeature>
      <pFeature>ActionGroupKey</pFeature>
      <pFeature>ActionGroupMask</pFeature>
      <pFeature>ActionScheduledTimeEnable</pFeature>
      <pFeature>ActionScheduledTime</pFeature>
      <pFeature>GevActionDestinationIPAddress</pFeature>
    </Category>
    <Category Name="EventControl" NameSpace="Standard">
      <!-- Recommended element -->
      <ToolTip>Category that contains Event control features.</ToolTip>
      <Description>Category that contains Event control features.</Description>
      <DisplayName>Event Control</DisplayName>
      <Visibility>Expert</Visibility>
      <ImposedAccessMode>RO</ImposedAccessMode>
      <pFeature>EventSelector</pFeature>
      <pFeature>EventNotification</pFeature>
      <pFeature>EventInterfaceLostData</pFeature>
      <pFeature>EventDeviceListChangedData</pFeature>
    </Category>
    <Category Name="EventInterfaceLostData" NameSpace="Standard">
      <!-- Recommended element -->
      <ToolTip>Category that contains all the data features related to the Interface Lost Event.</ToolTip>
      <Description>Category that contains all the data features related to the Interface Lost Event.</Description>
      <DisplayName>Event Interface Lost Data</DisplayName>
      <Visibility>Expert</Visibility>
      <ImposedAccessMode>RO</ImposedAccessMode>
      <pFeature>EventInterfaceLost</pFeature>
    </Category>
    <Category Name="EventDeviceListChangedData" NameSpace="Standard">
      <!-- Recommended element -->
      <ToolTip>Category that contains all the data features related to the Device List Changed Event.</ToolTip>
      <Description>Category that contains all the data features related to the Device List Changed Event.</Description>
      <DisplayName>Event Device List Changed Data</DisplayName>
      <Visibility>Expert</Visibility>
      <ImposedAccessMode>RO</ImposedAccessMode>
      <pFeature>EventDeviceListChanged</pFeature>
    </Category>
  </Group>
  <!-- ***************************************** -->
  <!-- InterfaceInformation -->
  <!-- ***************************************** -->
  <Group Comment="InterfaceInformation">
    <String Name="InterfaceID" NameSpace="Standard">
      <!-- Mandatory element -->
      <ToolTip>GenTL Producer wide unique identifier of the selected interface.</ToolTip>
      <Description>GenTL Producer wide unique identifier of the selected interface.</Description>
      <DisplayName>Interface ID</DisplayName>
      <Visibility>Expert</Visibility>
      <ImposedAccessMode>RO</ImposedAccessMode>
      <Value>abc</Value>
    </String>
    <String Name="InterfaceDisplayName" NameSpace="Standard">
      <!-- Recommended element -->
      <ToolTip>A user-friendly name of the Interface.</ToolTip>
      <Description>A user-friendly name of the Interface.</Description>
      <DisplayName>Interface Display Name</DisplayName>
      <Visibility>Expert</Visibility>
      <ImposedAccessMode>RO</ImposedAccessMode>
      <Value>abc</Value>
    </String>
    <Enumeration Name="InterfaceType" NameSpace="Standard">
      <!-- Mandatory element -->
      <ToolTip>Transport layer type of the interface.</ToolTip>
      <Description>Transport layer type of the interface.</Description>
      <DisplayName>Interface Type</DisplayName>
      <Visibility>Expert</Visibility>
      <ImposedAccessMode>RO</ImposedAccessMode>
      <EnumEntry Name="GigEVision" NameSpace="Standard">
        <ToolTip>GigE Vision.</ToolTip>
        <Description>GigE Vision</Description>
        <DisplayName>GigE Vision</DisplayName>
        <Value>0</Value>
      </EnumEntry>
      <EnumEntry Name="CameraLink" NameSpace="Standard">
        <ToolTip>Camera Link.</ToolTip>
        <Description>Camera Link</Description>
        <DisplayName>Camera Link</DisplayName>
        <Value>1</Value>
      </EnumEntry>
      <EnumEntry Name="CameraLinkHS" NameSpace="Standard">
        <ToolTip>Camera Link High Speed.</ToolTip>
        <Description>Camera Link High Speed</Description>
        <DisplayName>Camera Link HS</DisplayName>
        <Value>2</Value>
      </EnumEntry>
      <EnumEntry Name="CoaXPress" NameSpace="Standard">
        <ToolTip>CoaXPress.</ToolTip>
        <Description>CoaXPress</Description>
        <DisplayName>CoaXPress</DisplayName>
        <Value>3</Value>
      </EnumEntry>
      <EnumEntry Name="USB3Vision" NameSpace="Standard">
        <ToolTip>USB3 Vision.</ToolTip>
        <Description>USB3 Vision</Description>
        <DisplayName>USB3 Vision</DisplayName>
        <Value>4</Value>
      </EnumEntry>
      <EnumEntry Name="Custom" NameSpace="Standard">
        <ToolTip>Custom transport layer.</ToolTip>
        <Description>Custom transport layer</Description>
        <DisplayName>Custom</DisplayName>
        <Value>5</Value>
      </EnumEntry>
      <Value>0</Value>
    </Enumeration>
    <Integer Name="InterfaceTLVersionMajor" NameSpace="Standard">
      <!-- Mandatory element -->
      <ToolTip>Major version number of the transport layer specification the GenTL Producer interface complies with.</ToolTip>
      <Description>Major version number of the transport layer specification the GenTL Producer interface complies with. The TL version of the Interface can be compared with the TL version of the device to assure compatibility.</Description>
      <DisplayName>Interface TL Version Major</DisplayName>
      <Visibility>Expert</Visibility>
      <ImposedAccessMode>RO</ImposedAccessMode>
      <Value>0</Value>
    </Integer>
    <Integer Name="InterfaceTLVersionMinor" NameSpace="Standard">
      <!-- Mandatory element -->
      <ToolTip>Minor version number of the transport layer specification the GenTL Producer interface complies with.</ToolTip>
      <Description>Minor version number of the transport layer specification the GenTL Producer interface complies with. The TL version of the Interface can be compared with the TL version of the device to assure compatibility.</Description>
      <DisplayName>Interface TL Version Minor</DisplayName>
      <Visibility>Expert</Visibility>
      <ImposedAccessMode>RO</ImposedAccessMode>
      <Value>0</Value>
    </Integer>
    <Integer Name="GevInterfaceGatewaySelector" NameSpace="Standard">
      <!-- Mandatory element -->
      <ToolTip>Selector for the different gateway entries for this interface.</ToolTip>
      <Description>Selector for the different gateway entries for this interface. The selector is 0-based. Note that for a GenTL Producer implementation supporting GigE Vision this feature is mandatory.</Description>
      <DisplayName>Gev Interface Gateway Selector</DisplayName>
      <Visibility>Expert</Visibility>
      <ImposedAccessMode>RW</ImposedAccessMode>
      <Value>0</Value>
      <pSelected>GevInterfaceGateway</pSelected>
    </Integer>
    <Integer Name="GevInterfaceGateway" NameSpace="Standard">
      <!-- Mandatory element -->
      <ToolTip>IP address of the selected gateway entry of this interface.</ToolTip>
      <Description>IP address of the selected gateway entry of this interface. Note that for a GenTL Producer implementation supporting GigE Vision this feature is mandatory.</Description>
      <DisplayName>Gev Interface Gateway</DisplayName>
      <Visibility>Expert</Visibility>
      <ImposedAccessMode>RO</ImposedAccessMode>
      <Value>0</Value>
    </Integer>
    <Integer Name="GevInterfaceMACAddress" NameSpace="Standard">
      <!-- Mandatory element -->
      <ToolTip>48-bit MAC address of this interface.</ToolTip>
      <Description>48-bit MAC address of this interface. Note that for a GenTL Producer implementation supporting GigE Vision this feature is mandatory, and that the Representation element should be used in the XML to facilitate understanding the data.</Description>
      <DisplayName>Gev Interface MAC Address</DisplayName>
      <Visibility>Expert</Visibility>
      <ImposedAccessMode>RO</ImposedAccessMode>
      <Value>0</Value>
    </Integer>
    <Integer Name="GevInterfaceSubnetSelector" NameSpace="Standard">
      <!-- Mandatory element -->
      <ToolTip>Selector for the subnet of this interface.</ToolTip>
      <Description>Selector for the subnet of this interface. Note that for a GenTL Producer implementation supporting GigE Vision this feature is mandatory.</Description>
      <DisplayName>Gev Interface Subnet Selector</DisplayName>
      <Visibility>Expert</Visibility>
      <ImposedAccessMode>RW</ImposedAccessMode>
      <Value>0</Value>
      <pSelected>GevInterfaceSubnetIPAddress</pSelected>
      <pSelected>GevInterfaceSubnetMask</pSelected>
    </Integer>
    <Integer Name="GevInterfaceSubnetIPAddress" NameSpace="Standard">
      <!-- Mandatory element -->
      <ToolTip>IP address of the selected subnet of this interface.</ToolTip>
      <Description>IP address of the selected subnet of this interface. Note that for a GenTL Producer implementation supporting GigE Vision this feature is mandatory.</Description>
      <DisplayName>Gev Interface Subnet IP Address</DisplayName>
      <Visibility>Expert</Visibility>
      <ImposedAccessMode>RO</ImposedAccessMode>
      <Value>0</Value>
    </Integer>
    <Integer Name="GevInterfaceSubnetMask" NameSpace="Standard">
      <!-- Mandatory element -->
      <ToolTip>Subnet mask of the selected subnet of this interface.</ToolTip>
      <Description>Subnet mask of the selected subnet of this interface. Note that for a GenTL Producer implementation supporting GigE Vision this feature is mandatory.</Description>
      <DisplayName>Gev Interface Subnet Mask</DisplayName>
      <Visibility>Expert</Visibility>
      <ImposedAccessMode>RO</ImposedAccessMode>
      <Value>0</Value>
    </Integer>
  </Group>
  <!-- ***************************************** -->
  <!-- DeviceEnumeration -->
  <!-- ***************************************** -->
  <Group Comment="DeviceEnumeration">
    <Command Name="DeviceUpdateList" NameSpace="Standard">
      <!-- Mandatory element -->
      <ToolTip>Updates the internal device list.</ToolTip>
      <Description>Updates the internal device list. This feature should be readable if the execution cannot be performed immediately. The command then returns and the status can be polled. This feature interacts with the IFUpdateDeviceList function of the GenTL Producer. It is up to the GenTL Consumer to handle access in case both methods are used.</Description>
      <DisplayName>Device Update List</DisplayName>
      <Visibility>Expert</Visibility>
      <ImposedAccessMode>RW</ImposedAccessMode>
      <Value>0</Value>
      <CommandValue>0</CommandValue>
    </Command>
    <Integer Name="DeviceUpdateTimeout" NameSpace="Standard">
      <!-- Recommended element -->
      <ToolTip>Specifies timeout for the DeviceUpdateList Command.</ToolTip>
      <Description>Specifies timeout for the DeviceUpdateList Command.</Description>
      <DisplayName>Device Update Timeout</DisplayName>
      <Visibility>Expert</Visibility>
      <ImposedAccessMode>RW</ImposedAccessMode>
      <Value>0</Value>
      <Unit>ms</Unit>
    </Integer>
    <Integer Name="DeviceSelector" NameSpace="Standard">
      <!-- Mandatory element -->
      <ToolTip>Selector for the different devices on this interface.</ToolTip>
      <Description>Selector for the different devices on this interface. This value only changes on execution of "DeviceUpdateList". The selector is 0-based in order to match the index of the C interface.</Description>
      <DisplayName>Device Selector</DisplayName>
      <Visibility>Expert</Visibility>
      <ImposedAccessMode>RW</ImposedAccessMode>
      <Value>0</Value>
      <pSelected>DeviceID</pSelected>
      <pSelected>DeviceVendorName</pSelected>
      <pSelected>DeviceModelName</pSelected>
      <pSelected>DeviceAccessStatus</pSelected>
      <pSelected>DeviceSerialNumber</pSelected>
      <pSelected>DeviceUserID</pSelected>
      <pSelected>DeviceTLVersionMajor</pSelected>
      <pSelected>DeviceTLVersionMinor</pSelected>
      <pSelected>GevDeviceIPAddress</pSelected>
      <pSelected>GevDeviceSubnetMask</pSelected>
      <pSelected>GevDeviceGateway</pSelected>
      <pSelected>GevDeviceIPConfigurationStatus</pSelected>
      <pSelected>GevDeviceMACAddress</pSelected>
      <pSelected>GevDeviceCurrentControlMode</pSelected>
      <pSelected>GevApplicationSwitchoverKey</pSelected>
      <pSelected>GevDeviceForceIP</pSelected>
      <pSelected>GevDeviceForceIPAddress</pSelected>
      <pSelected>GevDeviceForceSubnetMask</pSelected>
      <pSelected>GevDeviceForceGateway</pSelected>
    </Integer>
    <String Name="DeviceID" NameSpace="Standard">
      <!-- Mandatory element -->
      <ToolTip>Interface wide unique identifier of the selected device.</ToolTip>
      <Description>Interface wide unique identifier of the selected device. This value only changes on execution of the DeviceUpdateList command.</Description>
      <DisplayName>Device ID</DisplayName>
      <Visibility>Expert</Visibility>
      <ImposedAccessMode>RO</ImposedAccessMode>
      <Value>abc</Value>
    </String>
    <String Name="DeviceVendorName" NameSpace="Standard">
      <!-- Mandatory element -->
      <ToolTip>Name of the device vendor.</ToolTip>
      <Description>Name of the device vendor. This value only changes on execution of the DeviceUpdateList command.</Description>
      <DisplayName>Device Vendor Name</DisplayName>
      <Visibility>Expert</Visibility>
      <ImposedAccessMode>RO</ImposedAccessMode>
      <Value>abc</Value>
    </String>
    <String Name="DeviceModelName" NameSpace="Standard">
      <!-- Mandatory element -->
      <ToolTip>Name of the device model.</ToolTip>
      <Description>Name of the device model. This value only changes on execution of the DeviceUpdateList command.</Description>
      <DisplayName>Device Model Name</DisplayName>
      <Visibility>Expert</Visibility>
      <ImposedAccessMode>RO</ImposedAccessMode>
      <Value>abc</Value>
    </String>
    <Enumeration Name="DeviceAccessStatus" NameSpace="Standard">
      <!-- Mandatory element -->
      <ToolTip>Gives the device's access status at the moment of the last execution of the DeviceUpdateList command.</ToolTip>
      <Description>Gives the device's access status at the moment of the last execution of the DeviceUpdateList command. This value only changes on execution of the DeviceUpdateList command.</Description>
      <DisplayName>Device Access Status</DisplayName>
      <Visibility>Expert</Visibility>
      <ImposedAccessMode>RO</ImposedAccessMode>
      <EnumEntry Name="Unknown" NameSpace="Standard">
        <ToolTip>Not known to producer.</ToolTip>
        <Description>Not known to producer.</Description>
        <DisplayName>Unknown</DisplayName>
        <Value>0</Value>
      </EnumEntry>
      <EnumEntry Name="ReadWrite" NameSpace="Standard">
        <ToolTip>Full access.</ToolTip>
        <Description>Full access</Description>
        <DisplayName>Read Write</DisplayName>
        <Value>1</Value>
      </EnumEntry>
      <EnumEntry Name="ReadOnly" NameSpace="Standard">
        <ToolTip>Read-only access.</ToolTip>
        <Description>Read-only access</Description>
        <DisplayName>Read Only</DisplayName>
        <Value>2</Value>
      </EnumEntry>
      <EnumEntry Name="NoAccess" NameSpace="Standard">
        <ToolTip>Not available to connect.</ToolTip>
        <Description>Not available to connect.</Description>
        <DisplayName>No Access</DisplayName>
        <Value>3</Value>
      </EnumEntry>
      <EnumEntry Name="Busy" NameSpace="Standard">
        <ToolTip>The device is already opened by another entity.</ToolTip>
        <Description>The device is already opened by another entity.</Description>
        <DisplayName>Busy</DisplayName>
        <Value>4</Value>
      </EnumEntry>
      <EnumEntry Name="OpenReadWrite" NameSpace="Standard">
        <ToolTip>Open in Read/Write mode by this GenTL host.</ToolTip>
        <Description>Open in Read/Write mode by this GenTL host</Description>
        <DisplayName>Open Read Write</DisplayName>
        <Value>5</Value>
      </EnumEntry>
      <EnumEntry Name="OpenReadOnly" NameSpace="Standard">
        <ToolTip>Open in Read only mode by this GenTL host.</ToolTip>
        <Description>Open in Read only mode by this GenTL host</Description>
        <DisplayName>Open Read Only</DisplayName>
        <Value>6</Value>
      </EnumEntry>
      <Value>0</Value>
    </Enumeration>
    <String Name="DeviceSerialNumber" NameSpace="Standard">
      <!-- Recommended element -->
      <ToolTip>Serial number of the remote device.</ToolTip>
      <Description>Serial number of the remote device. This value only changes on execution of the DeviceUpdateList command.</Description>
      <DisplayName>Device Serial Number</DisplayName>
      <Visibility>Expert</Visibility>
      <ImposedAccessMode>RO</ImposedAccessMode>
      <Value>abc</Value>
    </String>
    <String Name="DeviceUserID" NameSpace="Standard">
      <!-- Optional element -->
      <ToolTip>User-programmable device identifier of the remote device.</ToolTip>
      <Description>User-programmable device identifier of the remote device. This value only changes on execution of the DeviceUpdateList command.</Description>
      <DisplayName>Device User ID</DisplayName>
      <Visibility>Expert</Visibility>
      <ImposedAccessMode>RO</ImposedAccessMode>
      <Value>abc</Value>
    </String>
    <Integer Name="DeviceTLVersionMajor" NameSpace="Standard">
      <!-- Mandatory element -->
      <ToolTip>Major version number of the transport layer specification the remote device complies with.</ToolTip>
      <Description>Major version number of the transport layer specification the remote device complies with.</Description>
      <DisplayName>Device TL Version Major</DisplayName>
      <Visibility>Expert</Visibility>
      <ImposedAccessMode>RO</ImposedAccessMode>
      <Value>0</Value>
    </Integer>
    <Integer Name="DeviceTLVersionMinor" NameSpace="Standard">
      <!-- Mandatory element -->
      <ToolTip>Minor version number of the transport layer specification the remote device complies with.</ToolTip>
      <Description>Minor version number of the transport layer specification the remote device complies with.</Description>
      <DisplayName>Device TL Version Minor</DisplayName>
      <Visibility>Expert</Visibility>
      <ImposedAccessMode>RO</ImposedAccessMode>
      <Value>0</Value>
    </Integer>
    <Integer Name="GevDeviceIPAddress" NameSpace="Standard">
      <!-- Mandatory element -->
      <ToolTip>Current IP address of the GVCP interface of the selected remote device.</ToolTip>
      <Description>Current IP address of the GVCP interface of the selected remote device. This value only changes on execution of the DeviceUpdateList command.</Description>
      <DisplayName>Gev Device IP Address</DisplayName>
      <Visibility>Expert</Visibility>
      <ImposedAccessMode>RO</ImposedAccessMode>
      <Value>0</Value>
    </Integer>
    <Integer Name="GevDeviceSubnetMask" NameSpace="Standard">
      <!-- Mandatory element -->
      <ToolTip>Current subnet mask of the GVCP interface of the selected remote device.</ToolTip>
      <Description>Current subnet mask of the GVCP interface of the selected remote device. This value only changes on execution of the DeviceUpdateList command.</Description>
      <DisplayName>Gev Device Subnet Mask</DisplayName>
      <Visibility>Expert</Visibility>
      <ImposedAccessMode>RO</ImposedAccessMode>
      <Value>0</Value>
    </Integer>
    <Integer Name="GevDeviceGateway" NameSpace="Standard">
      <!-- Recommended element -->
      <ToolTip>Current gateway IP address of the GVCP interface of the selected remote device.</ToolTip>
      <Description>Current gateway IP address of the GVCP interface of the selected remote device. This value only changes on execution of the DeviceUpdateList command.</Description>
      <DisplayName>Gev Device Gateway</DisplayName>
      <Visibility>Expert</Visibility>
      <ImposedAccessMode>RO</ImposedAccessMode>
      <Value>0</Value>
    </Integer>
    <Enumeration Name="GevDeviceIPConfigurationStatus" NameSpace="Standard">
      <!-- Recommended element -->
      <ToolTip>Device IP configuration of the GVCP interface of the selected remote device.</ToolTip>
      <Description>Device IP configuration of the GVCP interface of the selected remote device. This value only changes on execution of the DeviceUpdateList command.</Description>
      <DisplayName>Gev Device IP Configuration Status</DisplayName>
      <Visibility>Expert</Visibility>
      <ImposedAccessMode>RW</ImposedAccessMode>
      <EnumEntry Name="DHCP" NameSpace="Standard">
        <ToolTip>DHCP</ToolTip>
        <Description>DHCP</Description>
        <DisplayName>DHCP</DisplayName>
        <Value>0</Value>
      </EnumEntry>
      <EnumEntry Name="PersistentIP" NameSpace="Standard">
        <ToolTip>Persistent IP</ToolTip>
        <Description>Persistent IP</Description>
        <DisplayName>Persistent IP</DisplayName>
        <Value>1</Value>
      </EnumEntry>
      <EnumEntry Name="LinkLocal" NameSpace="Standard">
        <ToolTip>Link Local</ToolTip>
        <Description>Link Local</Description>
        <DisplayName>Link Local</DisplayName>
        <Value>2</Value>
      </EnumEntry>
      <Value>0</Value>
    </Enumeration>
    <Integer Name="GevDeviceMACAddress" NameSpace="Standard">
      <!-- Mandatory element -->
      <ToolTip>48-bit MAC address of the GVCP interface of the selected remote device.</ToolTip>
      <Description>48-bit MAC address of the GVCP interface of the selected remote device.</Description>
      <DisplayName>Gev Device MAC Address</DisplayName>
      <Visibility>Expert</Visibility>
      <ImposedAccessMode>RO</ImposedAccessMode>
      <Value>0</Value>
    </Integer>
    <Enumeration Name="GevDeviceCurrentControlMode" NameSpace="Standard">
      <!-- Optional element -->
      <ToolTip>The current control mode of the device.</ToolTip>
      <Description>The current control mode of the device. This value only changes on execution of the DeviceUpdateList command. See also DeviceAccessStatus, which gives a similar TL independent status. The values are.</Description>
      <DisplayName>Gev Device Current Control Mode</DisplayName>
      <Visibility>Expert</Visibility>
      <ImposedAccessMode>RW</ImposedAccessMode>
      <EnumEntry Name="Open" NameSpace="Standard">
        <ToolTip>The device is open for control or exclusive access.</ToolTip>
        <Description>The device is open for control or exclusive access.</Description>
        <DisplayName>Open</DisplayName>
        <Value>0</Value>
      </EnumEntry>
      <EnumEntry Name="ControlAccess" NameSpace="Standard">
        <ToolTip>The device is controlled by another host, but switchover or readonly access is possible.</ToolTip>
        <Description>The device is controlled by another host, but switchover or readonly access is possible.</Description>
        <DisplayName>Control Access</DisplayName>
        <Value>1</Value>
      </EnumEntry>
      <EnumEntry Name="ExclusiveAccess" NameSpace="Standard">
        <ToolTip>The device is under exclusive access by a host and cannot be accessed by another.</ToolTip>
        <Description>The device is under exclusive access by a host and cannot be accessed by another.</Description>
        <DisplayName>Exclusive Access</DisplayName>
        <Value>2</Value>
      </EnumEntry>
      <EnumEntry Name="NoAccess" NameSpace="Standard">
        <ToolTip>The device cannot be accessed, for instance it may be a GigE Vision device on a subnet different from the interface.</ToolTip>
        <Description>The device cannot be accessed, for instance it may be a GigE Vision device on a subnet different from the interface.</Description>
        <DisplayName>No Access</DisplayName>
        <Value>3</Value>
      </EnumEntry>
      <Value>0</Value>
    </Enumeration>
    <Integer Name="GevApplicationSwitchoverKey" NameSpace="Standard">
      <!-- Optional element -->
      <ToolTip>Application switchover key to use when requesting ControlAccess switchover.</ToolTip>
      <Description>Application switchover key to use when requesting ControlAccess switchover. Setup of the key for switchover is done via device features in the device by a host connected in ExclusiveAccess mode.</Description>
      <DisplayName>Gev Application Switchover Key</DisplayName>
      <Visibility>Expert</Visibility>
      <ImposedAccessMode>WO</ImposedAccessMode>
      <Value>0</Value>
    </Integer>
    <Command Name="GevDeviceForceIP" NameSpace="Standard">
      <!-- Recommended element -->
      <ToolTip>Apply the force IP settings (GevDeviceForceIPAddress, GevDeviceForceSubnetMask and GevDeviceForceGateway) in the Device using ForceIP command.</ToolTip>
      <Description>Apply the force IP settings (GevDeviceForceIPAddress, GevDeviceForceSubnetMask and GevDeviceForceGateway) in the Device using ForceIP command.</Description>
      <DisplayName>Gev Device Force IP</DisplayName>
      <Visibility>Expert</Visibility>
      <ImposedAccessMode>RW</ImposedAccessMode>
      <Value>0</Value>
      <CommandValue>0</CommandValue>
    </Command>
    <Integer Name="GevDeviceForceIPAddress" NameSpace="Standard">
      <!-- Recommended element -->
      <ToolTip>Static IP address to set for the GVCP interface of the remote device.</ToolTip>
      <Description>Static IP address to set for the GVCP interface of the remote device.</Description>
      <DisplayName>Gev Device Force IP Address</DisplayName>
      <Visibility>Expert</Visibility>
      <ImposedAccessMode>RW</ImposedAccessMode>
      <Value>0</Value>
    </Integer>
    <Integer Name="GevDeviceForceSubnetMask" NameSpace="Standard">
      <!-- Recommended element -->
      <ToolTip>Static subnet mask to set for GVCP interface of the remote device.</ToolTip>
      <Description>Static subnet mask to set for GVCP interface of the remote device.</Description>
      <DisplayName>Gev Device Force Subnet Mask</DisplayName>
      <Visibility>Expert</Visibility>
      <ImposedAccessMode>RW</ImposedAccessMode>
      <Value>0</Value>
    </Integer>
    <Integer Name="GevDeviceForceGateway" NameSpace="Standard">
      <!-- Recommended element -->
      <ToolTip>Static gateway IP address to set for the GVCP interface of the remote device.</ToolTip>
      <Description>Static gateway IP address to set for the GVCP interface of the remote device.</Description>
      <DisplayName>Gev Device Force Gateway</DisplayName>
      <Visibility>Expert</Visibility>
      <ImposedAccessMode>RW</ImposedAccessMode>
      <Value>0</Value>
    </Integer>
  </Group>
  <!-- ***************************************** -->
  <!-- ActionControl -->
  <!-- ***************************************** -->
  <Group Comment="ActionControl">
    <Command Name="ActionCommand" NameSpace="Standard">
      <!-- Recommended element -->
      <ToolTip>Send ActionCommand to device(s).</ToolTip>
      <Description>Send ActionCommand to device(s).</Description>
      <DisplayName>Action Command</DisplayName>
      <Visibility>Expert</Visibility>
      <ImposedAccessMode>RW</ImposedAccessMode>
      <Value>0</Value>
      <CommandValue>0</CommandValue>
    </Command>
    <Integer Name="ActionDeviceKey" NameSpace="Standard">
      <!-- Recommended element -->
      <ToolTip>The Action Command Device Key to use in the Action Command.</ToolTip>
      <Description>The Action Command Device Key to use in the Action Command.</Description>
      <DisplayName>Action Device Key</DisplayName>
      <Visibility>Expert</Visibility>
      <ImposedAccessMode>RW</ImposedAccessMode>
      <Value>0</Value>
    </Integer>
    <Integer Name="ActionGroupKey" NameSpace="Standard">
      <!-- Recommended element -->
      <ToolTip>The Action Command Group Key to use in the Action Command.</ToolTip>
      <Description>The Action Command Group Key to use in the Action Command.</Description>
      <DisplayName>Action Group Key</DisplayName>
      <Visibility>Expert</Visibility>
      <ImposedAccessMode>RW</ImposedAccessMode>
      <Value>0</Value>
    </Integer>
    <Integer Name="ActionGroupMask" NameSpace="Standard">
      <!-- Recommended element -->
      <ToolTip>The Action Command Group Mask to use in the Action Command.</ToolTip>
      <Description>The Action Command Group Mask to use in the Action Command.</Description>
      <DisplayName>Action Group Mask</DisplayName>
      <Visibility>Expert</Visibility>
      <ImposedAccessMode>RW</ImposedAccessMode>
      <Value>0</Value>
    </Integer>
    <Boolean Name="ActionScheduledTimeEnable" NameSpace="Standard">
      <!-- Recommended element -->
      <ToolTip>Specifies if a time enabled Action Command should be given.</ToolTip>
      <Description>Specifies if a time enabled Action Command should be given.</Description>
      <DisplayName>Action Scheduled Time Enable</DisplayName>
      <Visibility>Expert</Visibility>
      <ImposedAccessMode>RW</ImposedAccessMode>
      <Value>0</Value>
    </Boolean>
    <Integer Name="ActionScheduledTime" NameSpace="Standard">
      <!-- Recommended element -->
      <ToolTip>Specifies the time a time enabled Action Command is scheduled.</ToolTip>
      <Description>Specifies the time a time enabled Action Command is scheduled.</Description>
      <DisplayName>Action Scheduled Time</DisplayName>
      <Visibility>Expert</Visibility>
      <ImposedAccessMode>RW</ImposedAccessMode>
      <Value>0</Value>
    </Integer>
    <Integer Name="GevActionDestinationIPAddress" NameSpace="Standard">
      <!-- Recommended element -->
      <ToolTip>Specifies destination the IP address for the Action Command.</ToolTip>
      <Description>Specifies destination the IP address for the Action Command. This can be any valid destination address (thus including broadcast addresses for this interface).</Description>
      <DisplayName>Gev Action Destination IP Address</DisplayName>
      <Visibility>Expert</Visibility>
      <ImposedAccessMode>RW</ImposedAccessMode>
      <Value>0</Value>
    </Integer>
  </Group>
  <!-- ***************************************** -->
  <!-- EventControl -->
  <!-- ***************************************** -->
  <Group Comment="EventControl">
    <Enumeration Name="EventSelector" NameSpace="Standard">
      <!-- Recommended element -->
      <ToolTip>Selects which Event to signal to the host application.</ToolTip>
      <Description>Selects which Event to signal to the host application.</Description>
      <DisplayName>Event Selector</DisplayName>
      <Visibility>Expert</Visibility>
      <ImposedAccessMode>RW</ImposedAccessMode>
      <EnumEntry Name="InterfaceLost" NameSpace="Standard">
        <ToolTip>Raised when the interface connection is lost.</ToolTip>
        <Description>Raised when the interface connection is lost.</Description>
        <DisplayName>Interface Lost</DisplayName>
        <Value>0</Value>
      </EnumEntry>
      <EnumEntry Name="DeviceListChanged" NameSpace="Standard">
        <ToolTip>The list of devices is updated.</ToolTip>
        <Description>The list of devices is updated.</Description>
        <DisplayName>Device List Changed</DisplayName>
        <Value>1</Value>
      </EnumEntry>
      <Value>0</Value>
      <pSelected>EventNotification</pSelected>
    </Enumeration>
    <Enumeration Name="EventNotification" NameSpace="Standard">
      <!-- Recommended element -->
      <ToolTip>Activate or deactivate the notification to the host application of the occurrence of the selected Event.</ToolTip>
      <Description>Activate or deactivate the notification to the host application of the occurrence of the selected Event.</Description>
      <DisplayName>Event Notification</DisplayName>
      <Visibility>Expert</Visibility>
      <ImposedAccessMode>RW</ImposedAccessMode>
      <EnumEntry Name="Off" NameSpace="Standard">
        <ToolTip>The selected Event notification is disabled.</ToolTip>
        <Description>The selected Event notification is disabled.</Description>
        <DisplayName>Off</DisplayName>
        <Value>0</Value>
      </EnumEntry>
      <EnumEntry Name="On" NameSpace="Standard">
        <ToolTip>The selected Event notification is enabled.</ToolTip>
        <Description>The selected Event notification is enabled.</Description>
        <DisplayName>On</DisplayName>
        <Value>1</Value>
      </EnumEntry>
      <EnumEntry Name="Once" NameSpace="Standard">
        <ToolTip>The selected Event notification is enabled for one event then return to Off state.</ToolTip>
        <Description>The selected Event notification is enabled for one event then return to Off state</Description>
        <DisplayName>Once</DisplayName>
        <Value>2</Value>
      </EnumEntry>
      <Value>0</Value>
    </Enumeration>
  </Group>
  <!-- ***************************************** -->
  <!-- EventInterfaceLostData -->
  <!-- ***************************************** -->
  <Group Comment="EventInterfaceLostData">
    <Integer Name="EventInterfaceLost" NameSpace="Standard">
      <!-- Recommended element -->
      <ToolTip>Returns the unique Identifier of the Interface Lost type of Event.</ToolTip>
      <Description>Returns the unique Identifier of the Interface Lost type of Event.</Description>
      <DisplayName>Event Interface Lost</DisplayName>
      <Visibility>Expert</Visibility>
      <ImposedAccessMode>RO</ImposedAccessMode>
      <Value>0</Value>
    </Integer>
  </Group>
  <!-- ***************************************** -->
  <!-- EventDeviceListChangedData -->
  <!-- ***************************************** -->
  <Group Comment="EventDeviceListChangedData">
    <Integer Name="EventDeviceListChanged" NameSpace="Standard">
      <!-- Recommended element -->
      <ToolTip>Returns the unique Identifier of the Device List Changed type of Event.</ToolTip>
      <Description>Returns the unique Identifier of the Device List Changed type of Event.</Description>
      <DisplayName>Event Device List Changed</DisplayName>
      <Visibility>Expert</Visibility>
      <ImposedAccessMode>RO</ImposedAccessMode>
      <Value>0</Value>
    </Integer>
  </Group>
  <!-- ***************************************** -->
  <!-- SpecialFeatures -->
  <!-- ***************************************** -->
  <Group Comment="SpecialFeatures">
    <Port Name="InterfacePort" NameSpace="Standard">
      <!-- Mandatory element -->
      <ToolTip>The GenICam port through which the Interface module is accessed.</ToolTip>
      <Description>The GenICam port through which the Interface module is accessed.</Description>
      <DisplayName>Interface Port</DisplayName>
      <Visibility>Invisible</Visibility>
      <ImposedAccessMode>RW</ImposedAccessMode>
    </Port>
  </Group>
</RegisterDescription>
