<?xml version="1.0" encoding="UTF-8"?>
<!-- ***************************************** -->
<!-- This file was automatically generated by tools designed and maintained by Leutron Vision, Matrox, Groget, MVTec Software. -->
<!-- Copyright (C) 2007-2020 Leutron Vision, Matrox, Groget, MVTec Software. -->
<!-- You can freely use and modify the file without restrictions. -->
<!-- The file is provided as is, without any warranty. Bug reports and other feedback is appreciated. -->
<!-- ***************************************** -->
<!--   -->
<!-- ***************************************** -->
<!-- Version and date information: -->
<!-- SFNC type: GenTL -->
<!-- SFNC version: 1.2.0 -->
<!-- SFNC release date: 2020-07-08 -->
<!-- TXT extractor version: 2.0.0 -->
<!-- TXT extraction date: 2020-08-17 -->
<!-- XML generator version: 3.6 -->
<!-- XML generation date: 2020-08-17 -->
<!-- ***************************************** -->
<RegisterDescription xmlns="http://www.genicam.org/GenApi/Version_1_0" xmlns:xsi="http://www.w3.org/2001/XMLSchema-instance" xsi:schemaLocation="http://www.genicam.org/GenApi/Version_1_0 http://www.genicam.org/GenApi/GenApiSchema_Version_1_0.xsd" ModelName="SFNC_Camera" VendorName="Generic" ToolTip="Reference SFNC camera XML (autogenerated)" StandardNameSpace="None" SchemaMajorVersion="1" SchemaMinorVersion="0" SchemaSubMinorVersion="1" MajorVersion="1" MinorVersion="2" SubMinorVersion="0" ProductGuid="11111111-2222-3333-4444-555555555555" VersionGuid="AAAAAAAA-BBBB-CCCC-DDDD-EEEEEEEEEEEE">
  <!-- ***************************************** -->
  <!-- RootCategory -->
  <!-- ***************************************** -->
  <Group Comment="RootCategory">
    <Category Name="Root" NameSpace="Standard">
      <!-- Mandatory element -->
      <Visibility>Beginner</Visibility>
      <ImposedAccessMode>RO</ImposedAccessMode>
      <pFeature>StreamInformation</pFeature>
      <pFeature>DeviceStreamChannelControl</pFeature>
      <pFeature>BufferHandlingControl</pFeature>
      <pFeature>EventControl</pFeature>
    </Category>
  </Group>
  <!-- ***************************************** -->
  <!-- SubCategories -->
  <!-- ***************************************** -->
  <Group Comment="SubCategories">
    <Category Name="StreamInformation" NameSpace="Standard">
      <!-- Mandatory element -->
      <ToolTip>Category that contains all Stream Information features of the Data Stream module.</ToolTip>
      <Description>Category that contains all Stream Information features of the Data Stream module.</Description>
      <DisplayName>Stream Information</DisplayName>
      <Visibility>Expert</Visibility>
      <ImposedAccessMode>RO</ImposedAccessMode>
      <pFeature>StreamID</pFeature>
      <pFeature>StreamType</pFeature>
    </Category>
    <Category Name="DeviceStreamChannelControl" NameSpace="Standard">
      <!-- Recommended element -->
      <ToolTip>Category containing features to control the stream channel shared between the remote device and the GenTL Producer's data stream module.</ToolTip>
      <Description>Category containing features to control the stream channel shared between the remote device and the GenTL Producer's data stream module. Applicable for GigE Vision stream channels, and operating on the boot strap registers of the device since the nodemap for the device is not accessible to the GenTL producer.</Description>
      <DisplayName>Device Stream Channel Control</DisplayName>
      <Visibility>Expert</Visibility>
      <ImposedAccessMode>RO</ImposedAccessMode>
      <pFeature>DeviceStreamChannelPacketSize</pFeature>
      <pFeature>DeviceStreamChannelPacketSizeMin</pFeature>
      <pFeature>DeviceStreamChannelPacketSizeMax</pFeature>
      <pFeature>DeviceStreamChannelPacketSizeInc</pFeature>
      <pFeature>DeviceStreamChannelNegotiatePacketSize</pFeature>
    </Category>
    <Category Name="BufferHandlingControl" NameSpace="Standard">
      <!-- Recommended element -->
      <ToolTip>Contains all features of the Data Stream module that control the used buffers.</ToolTip>
      <Description>Contains all features of the Data Stream module that control the used buffers.</Description>
      <DisplayName>Buffer Handling Control</DisplayName>
      <Visibility>Beginner</Visibility>
      <ImposedAccessMode>RO</ImposedAccessMode>
      <pFeature>StreamAnnouncedBufferCount</pFeature>
      <pFeature>StreamBufferHandlingMode</pFeature>
      <pFeature>StreamAnnounceBufferMinimum</pFeature>
      <pFeature>StreamDeliveredFrameCount</pFeature>
      <pFeature>StreamLostFrameCount</pFeature>
      <pFeature>StreamInputBufferCount</pFeature>
      <pFeature>StreamOutputBufferCount</pFeature>
      <pFeature>StreamStartedFrameCount</pFeature>
      <pFeature>PayloadSize</pFeature>
      <pFeature>StreamIsGrabbing</pFeature>
      <pFeature>StreamChunkCountMaximum</pFeature>
      <pFeature>StreamBufferAlignment</pFeature>
    </Category>
    <Category Name="EventControl" NameSpace="Standard">
      <!-- Recommended element -->
      <ToolTip>Category that contains Event control features.</ToolTip>
      <Description>Category that contains Event control features.</Description>
      <DisplayName>Event Control</DisplayName>
      <Visibility>Expert</Visibility>
      <ImposedAccessMode>RO</ImposedAccessMode>
      <pFeature>EventSelector</pFeature>
      <pFeature>EventNotification</pFeature>
      <pFeature>EventNewBufferDataData</pFeature>
      <pFeature>EventTransferEndData</pFeature>
      <pFeature>EventBufferTooSmallData</pFeature>
      <pFeature>EventBuffersDiscardedData</pFeature>
    </Category>
    <Category Name="EventNewBufferDataData" NameSpace="Standard">
      <!-- Recommended element -->
      <ToolTip>Category that contains all the data features related to the New Buffer Data Event.</ToolTip>
      <Description>Category that contains all the data features related to the New Buffer Data Event.</Description>
      <DisplayName>Event New Buffer Data Data</DisplayName>
      <Visibility>Expert</Visibility>
      <ImposedAccessMode>RO</ImposedAccessMode>
      <pFeature>EventNewBufferData</pFeature>
    </Category>
    <Category Name="EventTransferEndData" NameSpace="Standard">
      <!-- Recommended element -->
      <ToolTip>Category that contains all the data features related to the Transfer End Event.</ToolTip>
      <Description>Category that contains all the data features related to the Transfer End Event.</Description>
      <DisplayName>Event Transfer End Data</DisplayName>
      <Visibility>Expert</Visibility>
      <ImposedAccessMode>RO</ImposedAccessMode>
      <pFeature>EventTransferEnd</pFeature>
    </Category>
    <Category Name="EventBufferTooSmallData" NameSpace="Standard">
      <!-- Recommended element -->
      <ToolTip>Category that contains all the data features related to the Buffer Too Small Event.</ToolTip>
      <Description>Category that contains all the data features related to the Buffer Too Small Event.</Description>
      <DisplayName>Event Buffer Too Small Data</DisplayName>
      <Visibility>Expert</Visibility>
      <ImposedAccessMode>RO</ImposedAccessMode>
      <pFeature>EventBufferTooSmall</pFeature>
    </Category>
    <Category Name="EventBuffersDiscardedData" NameSpace="Standard">
      <!-- Recommended element -->
      <ToolTip>Category that contains all the data features related to the Buffers Discarded Event.</ToolTip>
      <Description>Category that contains all the data features related to the Buffers Discarded Event.</Description>
      <DisplayName>Event Buffers Discarded Data</DisplayName>
      <Visibility>Expert</Visibility>
      <ImposedAccessMode>RO</ImposedAccessMode>
      <pFeature>EventBuffersDiscarded</pFeature>
    </Category>
  </Group>
  <!-- ***************************************** -->
  <!-- StreamInformation -->
  <!-- ***************************************** -->
  <Group Comment="StreamInformation">
    <StringReg Name="StreamID" NameSpace="Standard">
      <!-- Mandatory element -->
      <ToolTip>Device unique ID for the data stream.</ToolTip>
      <Description>Device unique ID for the data stream.</Description>
      <DisplayName>Stream ID</DisplayName>
      <Visibility>Expert</Visibility>
      <ImposedAccessMode>RO</ImposedAccessMode>
      <Address>0x0</Address>
      <Length>1</Length>
      <AccessMode>RO</AccessMode>
      <pPort>StreamPort</pPort>
    </StringReg>
    <Enumeration Name="StreamType" NameSpace="Standard">
      <!-- Mandatory element -->
      <ToolTip>Transport layer type of the Data Stream.</ToolTip>
      <Description>Transport layer type of the Data Stream.</Description>
      <DisplayName>Stream Type</DisplayName>
      <Visibility>Expert</Visibility>
      <ImposedAccessMode>RO</ImposedAccessMode>
      <EnumEntry Name="GigEVision" NameSpace="Standard">
        <ToolTip>GigE Vision.</ToolTip>
        <Description>GigE Vision</Description>
        <DisplayName>GigE Vision</DisplayName>
        <Value>0</Value>
      </EnumEntry>
      <EnumEntry Name="CameraLink" NameSpace="Standard">
        <ToolTip>Camera Link.</ToolTip>
        <Description>Camera Link</Description>
        <DisplayName>Camera Link</DisplayName>
        <Value>1</Value>
      </EnumEntry>
      <EnumEntry Name="CameraLinkHS" NameSpace="Standard">
        <ToolTip>Camera Link High Speed.</ToolTip>
        <Description>Camera Link High Speed</Description>
        <DisplayName>Camera Link HS</DisplayName>
        <Value>2</Value>
      </EnumEntry>
      <EnumEntry Name="CoaXPress" NameSpace="Standard">
        <ToolTip>CoaXPress.</ToolTip>
        <Description>CoaXPress</Description>
        <DisplayName>CoaXPress</DisplayName>
        <Value>3</Value>
      </EnumEntry>
      <EnumEntry Name="USB3Vision" NameSpace="Standard">
        <ToolTip>USB3 Vision.</ToolTip>
        <Description>USB3 Vision</Description>
        <DisplayName>USB3 Vision</DisplayName>
        <Value>4</Value>
      </EnumEntry>
      <EnumEntry Name="Custom" NameSpace="Standard">
        <ToolTip>Custom transport layer.</ToolTip>
        <Description>Custom transport layer</Description>
        <DisplayName>Custom</DisplayName>
        <Value>5</Value>
      </EnumEntry>
      <Value>0</Value>
    </Enumeration>
  </Group>
  <!-- ***************************************** -->
  <!-- DeviceStreamChannelControl -->
  <!-- ***************************************** -->
  <Group Comment="DeviceStreamChannelControl">
    <Integer Name="DeviceStreamChannelPacketSize" NameSpace="Standard">
      <!-- Recommended element -->
      <ToolTip>Specifies the stream packet size, in bytes, to send on the selected channel for a transmitter or specifies the maximum packet size supported by a receiver.</ToolTip>
      <Description>Specifies the stream packet size, in bytes, to send on the selected channel for a transmitter or specifies the maximum packet size supported by a receiver. Controls the packet size configuration of the remote device and if needed the GenTL Producer.</Description>
      <DisplayName>Device Stream Channel Packet Size</DisplayName>
      <Visibility>Expert</Visibility>
      <ImposedAccessMode>RW</ImposedAccessMode>
      <Value>0</Value>
    </Integer>
    <Integer Name="DeviceStreamChannelPacketSizeMin" NameSpace="Standard">
      <!-- Optional element -->
      <ToolTip>Controls desired minimum of the packet size feature to be used for the stream channel.</ToolTip>
      <Description>Controls desired minimum of the packet size feature to be used for the stream channel. Affects both the direct control of the packet size as well as the negotiation algorithm. The GenTL Consumer can set the value in accordance with the known limits of the remote device or apply further restrictions e.g. based on additional knowledge of the system.</Description>
      <DisplayName>Device Stream Channel Packet Size Min</DisplayName>
      <Visibility>Guru</Visibility>
      <ImposedAccessMode>RW</ImposedAccessMode>
      <Value>0</Value>
    </Integer>
    <Integer Name="DeviceStreamChannelPacketSizeMax" NameSpace="Standard">
      <!-- Optional element -->
      <ToolTip>Controls desired maximum of the packet size feature to be used for the stream channel.</ToolTip>
      <Description>Controls desired maximum of the packet size feature to be used for the stream channel. Affects both the direct control of the packet size as well as the negotiation algorithm. The GenTL Consumer can set the value in accordance with the known limits of the remote device or apply further restrictions e.g. based on additional knowledge of the system.</Description>
      <DisplayName>Device Stream Channel Packet Size Max</DisplayName>
      <Visibility>Guru</Visibility>
      <ImposedAccessMode>RW</ImposedAccessMode>
      <Value>0</Value>
    </Integer>
    <Integer Name="DeviceStreamChannelPacketSizeInc" NameSpace="Standard">
      <!-- Optional element -->
      <ToolTip>Controls desired increment of the packet size feature to be used for the stream channel.</ToolTip>
      <Description>Controls desired increment of the packet size feature to be used for the stream channel. Affects both the direct control of the packet size as well as the negotiation algorithm. The GenTL Consumer can set the value in accordance with the known limits of the remote device or apply further restrictions e.g. based on additional knowledge of the system.</Description>
      <DisplayName>Device Stream Channel Packet Size Inc</DisplayName>
      <Visibility>Guru</Visibility>
      <ImposedAccessMode>RW</ImposedAccessMode>
      <Value>0</Value>
    </Integer>
    <Command Name="DeviceStreamChannelNegotiatePacketSize" NameSpace="Standard">
      <!-- Optional element -->
      <ToolTip>Starts negotiation for the optimal packet size considering the remote device, host and their connection path.</ToolTip>
      <Description>Starts negotiation for the optimal packet size considering the remote device, host and their connection path. The negotiation result is applied on the device and reflected in DeviceStreamChannelPacketSize. If the negotiation fails, the algorithm attempts to revert the configuration to the initial packet size value.</Description>
      <DisplayName>Device Stream Channel Negotiate Packet Size</DisplayName>
      <Visibility>Expert</Visibility>
      <ImposedAccessMode>RW</ImposedAccessMode>
      <Value>0</Value>
      <CommandValue>0</CommandValue>
    </Command>
  </Group>
  <!-- ***************************************** -->
  <!-- BufferHandlingControl -->
  <!-- ***************************************** -->
  <Group Comment="BufferHandlingControl">
    <Integer Name="StreamAnnouncedBufferCount" NameSpace="Standard">
      <!-- Mandatory element -->
      <ToolTip>Number of announced (known) buffers on this stream.</ToolTip>
      <Description>Number of announced (known) buffers on this stream. This value is volatile. It may change if additional buffers are announced and/or buffers are revoked by the GenTL Consumer.</Description>
      <DisplayName>Stream Announced Buffer Count</DisplayName>
      <Visibility>Expert</Visibility>
      <ImposedAccessMode>RO</ImposedAccessMode>
      <Value>0</Value>
    </Integer>
    <Enumeration Name="StreamBufferHandlingMode" NameSpace="Standard">
      <!-- Mandatory element -->
      <ToolTip>Available buffer handling modes of this Data Stream.</ToolTip>
      <Description>Available buffer handling modes of this Data Stream.</Description>
      <DisplayName>Stream Buffer Handling Mode</DisplayName>
      <Visibility>Beginner</Visibility>
      <ImposedAccessMode>RW</ImposedAccessMode>
      <EnumEntry Name="OldestFirst" NameSpace="Standard">
        <ToolTip>The application always gets the buffer from the head of the Output Buffer Queue (thus, the oldest available one).</ToolTip>
        <Description>The application always gets the buffer from the head of the Output Buffer Queue (thus, the oldest available one). If the Output Buffer Queue is empty, the application waits for a newly acquired buffer until the timeout expires.</Description>
        <DisplayName>Oldest First</DisplayName>
        <Value>0</Value>
      </EnumEntry>
      <EnumEntry Name="OldestFirstOverwrite" NameSpace="Standard">
        <ToolTip>The application always gets the buffer from the head of the Output Buffer Queue (thus, the oldest available one).</ToolTip>
        <Description>The application always gets the buffer from the head of the Output Buffer Queue (thus, the oldest available one). If the Output Buffer Queue is empty, the application waits for a newly acquired buffer until the timeout expires.</Description>
        <DisplayName>Oldest First Overwrite</DisplayName>
        <Value>1</Value>
      </EnumEntry>
      <EnumEntry Name="NewestOnly" NameSpace="Standard">
        <ToolTip>The application always gets the latest completed buffer (the newest one).</ToolTip>
        <Description>The application always gets the latest completed buffer (the newest one). If the Output Buffer Queue is empty, the application waits for a newly acquired buffer until the timeout expires.This buffer handling mode is typically used in a live display GUI where it is important that there is no lag between camera and display.</Description>
        <DisplayName>Newest Only</DisplayName>
        <Value>2</Value>
      </EnumEntry>
      <Value>0</Value>
    </Enumeration>
    <Integer Name="StreamAnnounceBufferMinimum" NameSpace="Standard">
      <!-- Mandatory element -->
      <ToolTip>Minimal number of buffers to announce to enable selected buffer handling mode.</ToolTip>
      <Description>Minimal number of buffers to announce to enable selected buffer handling mode.</Description>
      <DisplayName>Stream Announce Buffer Minimum</DisplayName>
      <Visibility>Expert</Visibility>
      <ImposedAccessMode>RO</ImposedAccessMode>
      <Value>0</Value>
    </Integer>
    <Integer Name="StreamDeliveredFrameCount" NameSpace="Standard">
      <!-- Recommended element -->
      <ToolTip>Number of delivered frames since last acquisition start.</ToolTip>
      <Description>Number of delivered frames since last acquisition start. It is not reset until the stream is closed.</Description>
      <DisplayName>Stream Delivered Frame Count</DisplayName>
      <Visibility>Expert</Visibility>
      <ImposedAccessMode>RO</ImposedAccessMode>
      <Value>0</Value>
    </Integer>
    <Integer Name="StreamLostFrameCount" NameSpace="Standard">
      <!-- Recommended element -->
      <ToolTip>Number of lost frames due to queue underrun.</ToolTip>
      <Description>Number of lost frames due to queue underrun. This number is initialized with zero at the time the stream is opened and incremented every time the data could not be acquired because there was no buffer in the input buffer pool. It is not reset until the stream is closed.</Description>
      <DisplayName>Stream Lost Frame Count</DisplayName>
      <Visibility>Expert</Visibility>
      <ImposedAccessMode>RO</ImposedAccessMode>
      <Value>0</Value>
    </Integer>
    <Integer Name="StreamInputBufferCount" NameSpace="Standard">
      <!-- Optional element -->
      <ToolTip>Number of buffers in the input buffer pool plus the buffers(s) currently being filled.</ToolTip>
      <Description>Number of buffers in the input buffer pool plus the buffers(s) currently being filled.</Description>
      <DisplayName>Stream Input Buffer Count</DisplayName>
      <Visibility>Expert</Visibility>
      <ImposedAccessMode>RO</ImposedAccessMode>
      <Value>0</Value>
    </Integer>
    <Integer Name="StreamOutputBufferCount" NameSpace="Standard">
      <!-- Recommended element -->
      <ToolTip>Number of buffers in the output buffer queue.</ToolTip>
      <Description>Number of buffers in the output buffer queue.</Description>
      <DisplayName>Stream Output Buffer Count</DisplayName>
      <Visibility>Expert</Visibility>
      <ImposedAccessMode>RO</ImposedAccessMode>
      <Value>0</Value>
    </Integer>
    <Integer Name="StreamStartedFrameCount" NameSpace="Standard">
      <!-- Recommended element -->
      <ToolTip>Number of frames started in the acquisition engine.</ToolTip>
      <Description>Number of frames started in the acquisition engine. This number is incremented every time in case of a new buffer is started and then to be filled (data written to) regardless even if the buffer is later delivered to the user or discarded for any reason. This number is initialized with 0 at the time the stream is opened. It is not reset until the stream is closed.</Description>
      <DisplayName>Stream Started Frame Count</DisplayName>
      <Visibility>Expert</Visibility>
      <ImposedAccessMode>RO</ImposedAccessMode>
      <Value>0</Value>
    </Integer>
    <Integer Name="PayloadSize" NameSpace="Standard">
      <!-- Recommended element -->
      <ToolTip>Size of the expected data in bytes.</ToolTip>
      <Description>Size of the expected data in bytes. Note that this feature "overwrites" the PayloadSize of the remote device, see also sections "Data Payload Delivery" and "Allocate Memory" of the GenICam GenTL standard.</Description>
      <DisplayName>Payload Size</DisplayName>
      <Visibility>Expert</Visibility>
      <ImposedAccessMode>RO</ImposedAccessMode>
      <Value>0</Value>
    </Integer>
    <Boolean Name="StreamIsGrabbing" NameSpace="Standard">
      <!-- Recommended element -->
      <ToolTip>Flag indicating whether the acquisition engine is started or not.</ToolTip>
      <Description>Flag indicating whether the acquisition engine is started or not. This is independent from the acquisition status of the remote device.</Description>
      <DisplayName>Stream Is Grabbing</DisplayName>
      <Visibility>Expert</Visibility>
      <ImposedAccessMode>RO</ImposedAccessMode>
      <Value>0</Value>
    </Boolean>
    <Integer Name="StreamChunkCountMaximum" NameSpace="Standard">
      <!-- Recommended element -->
      <ToolTip>Maximum number of chunks to be expected in a buffer (can be used to allocate the array for the DSGetBufferChunkData function).</ToolTip>
      <Description>Maximum number of chunks to be expected in a buffer (can be used to allocate the array for the DSGetBufferChunkData function).</Description>
      <DisplayName>Stream Chunk Count Maximum</DisplayName>
      <Visibility>Expert</Visibility>
      <ImposedAccessMode>RO</ImposedAccessMode>
      <Value>0</Value>
    </Integer>
    <Integer Name="StreamBufferAlignment" NameSpace="Standard">
      <!-- Recommended element -->
      <ToolTip>Alignment size in bytes of the buffers passed to DSAnnounceBuffer.</ToolTip>
      <Description>Alignment size in bytes of the buffers passed to DSAnnounceBuffer.</Description>
      <DisplayName>Stream Buffer Alignment</DisplayName>
      <Visibility>Expert</Visibility>
      <ImposedAccessMode>RO</ImposedAccessMode>
      <Value>0</Value>
    </Integer>
  </Group>
  <!-- ***************************************** -->
  <!-- EventControl -->
  <!-- ***************************************** -->
  <Group Comment="EventControl">
    <Enumeration Name="EventSelector" NameSpace="Standard">
      <!-- Recommended element -->
      <ToolTip>Selects which Event to signal to the host application.</ToolTip>
      <Description>Selects which Event to signal to the host application.</Description>
      <DisplayName>Event Selector</DisplayName>
      <Visibility>Expert</Visibility>
      <ImposedAccessMode>RW</ImposedAccessMode>
      <EnumEntry Name="NewBufferData" NameSpace="Standard">
        <ToolTip>A new buffer is available.</ToolTip>
        <Description>A new buffer is available.</Description>
        <DisplayName>New Buffer Data</DisplayName>
        <Value>0</Value>
      </EnumEntry>
      <EnumEntry Name="TransferEnd" NameSpace="Standard">
        <ToolTip>The transfer of a data for new buffer finished; this is not directly related with delivering the buffer, the data might be appended to end of Output Buffer Queue, dropped, etc., depending on the buffer handling mode and acquisition engine status.</ToolTip>
        <Description>The transfer of a data for new buffer finished; this is not directly related with delivering the buffer, the data might be appended to end of Output Buffer Queue, dropped, etc., depending on the buffer handling mode and acquisition engine status.</Description>
        <DisplayName>Transfer End</DisplayName>
        <Value>1</Value>
      </EnumEntry>
      <EnumEntry Name="BufferTooSmall" NameSpace="Standard">
        <ToolTip>The buffer was too small to receive the expected amount of data.</ToolTip>
        <Description>The buffer was too small to receive the expected amount of data.</Description>
        <DisplayName>Buffer Too Small</DisplayName>
        <Value>2</Value>
      </EnumEntry>
      <EnumEntry Name="BuffersDiscarded" NameSpace="Standard">
        <DisplayName>Buffers Discarded</DisplayName>
        <Value>3</Value>
      </EnumEntry>
      <Value>0</Value>
      <pSelected>EventNotification</pSelected>
    </Enumeration>
    <Enumeration Name="EventNotification" NameSpace="Standard">
      <!-- Recommended element -->
      <ToolTip>Activate or deactivate the notification to the host application of the occurrence of the selected Event.</ToolTip>
      <Description>Activate or deactivate the notification to the host application of the occurrence of the selected Event.</Description>
      <DisplayName>Event Notification</DisplayName>
      <Visibility>Expert</Visibility>
      <ImposedAccessMode>RW</ImposedAccessMode>
      <EnumEntry Name="Off" NameSpace="Standard">
        <ToolTip>The selected Event notification is disabled.</ToolTip>
        <Description>The selected Event notification is disabled.</Description>
        <DisplayName>Off</DisplayName>
        <Value>0</Value>
      </EnumEntry>
      <EnumEntry Name="On" NameSpace="Standard">
        <ToolTip>The selected Event notification is enabled.</ToolTip>
        <Description>The selected Event notification is enabled.</Description>
        <DisplayName>On</DisplayName>
        <Value>1</Value>
      </EnumEntry>
      <EnumEntry Name="Once" NameSpace="Standard">
        <ToolTip>The selected Event notification is enabled for one event then return to Off state.</ToolTip>
        <Description>The selected Event notification is enabled for one event then return to Off state.</Description>
        <DisplayName>Once</DisplayName>
        <Value>2</Value>
      </EnumEntry>
      <Value>0</Value>
    </Enumeration>
  </Group>
  <!-- ***************************************** -->
  <!-- EventNewBufferDataData -->
  <!-- ***************************************** -->
  <Group Comment="EventNewBufferDataData">
    <Integer Name="EventNewBufferData" NameSpace="Standard">
      <!-- Recommended element -->
      <ToolTip>Returns the unique Identifier of the New Buffer Data type of Event.</ToolTip>
      <Description>Returns the unique Identifier of the New Buffer Data type of Event.</Description>
      <DisplayName>Event New Buffer Data</DisplayName>
      <Visibility>Expert</Visibility>
      <ImposedAccessMode>RO</ImposedAccessMode>
      <Value>0</Value>
    </Integer>
  </Group>
  <!-- ***************************************** -->
  <!-- EventTransferEndData -->
  <!-- ***************************************** -->
  <Group Comment="EventTransferEndData">
    <Integer Name="EventTransferEnd" NameSpace="Standard">
      <!-- Recommended element -->
      <ToolTip>Returns the unique Identifier of the Transfer End type of Event.</ToolTip>
      <Description>Returns the unique Identifier of the Transfer End type of Event.</Description>
      <DisplayName>Event Transfer End</DisplayName>
      <Visibility>Expert</Visibility>
      <ImposedAccessMode>RO</ImposedAccessMode>
      <Value>0</Value>
    </Integer>
  </Group>
  <!-- ***************************************** -->
  <!-- EventBufferTooSmallData -->
  <!-- ***************************************** -->
  <Group Comment="EventBufferTooSmallData">
    <Integer Name="EventBufferTooSmall" NameSpace="Standard">
      <!-- Recommended element -->
      <ToolTip>Returns the unique Identifier of the Buffer Too Small type of Event.</ToolTip>
      <Description>Returns the unique Identifier of the Buffer Too Small type of Event.</Description>
      <DisplayName>Event Buffer Too Small</DisplayName>
      <Visibility>Expert</Visibility>
      <ImposedAccessMode>RO</ImposedAccessMode>
      <Value>0</Value>
    </Integer>
  </Group>
  <!-- ***************************************** -->
  <!-- EventBuffersDiscardedData -->
  <!-- ***************************************** -->
  <Group Comment="EventBuffersDiscardedData">
    <Integer Name="EventBuffersDiscarded" NameSpace="Standard">
      <!-- Recommended element -->
      <ToolTip>Returns the unique Identifier of the Buffers Discarded type of Event.</ToolTip>
      <Description>Returns the unique Identifier of the Buffers Discarded type of Event.</Description>
      <DisplayName>Event Buffers Discarded</DisplayName>
      <Visibility>Expert</Visibility>
      <ImposedAccessMode>RO</ImposedAccessMode>
      <Value>0</Value>
    </Integer>
  </Group>
  <!-- ***************************************** -->
  <!-- SpecialFeatures -->
  <!-- ***************************************** -->
  <Group Comment="SpecialFeatures">
    <Port Name="StreamPort" NameSpace="Standard">
      <!-- Mandatory element -->
      <ToolTip>The GenICam port through which the Data Stream module is accessed.</ToolTip>
      <Description>The GenICam port through which the Data Stream module is accessed.</Description>
      <DisplayName>Stream Port</DisplayName>
      <Visibility>Invisible</Visibility>
      <ImposedAccessMode>RW</ImposedAccessMode>
    </Port>
  </Group>
</RegisterDescription>
